PLAYER,TEAM,AGE,GP,W,L,MIN,OFFRTG,DEFRTG,NETRTG,AST%,AST/TO,AST RATIO,OREB%,DREB%,REB%,TO RATIO,EFG%,TS%,USG%,PACE,PIE,POSS,"EST. 
OFFRTG","EST. 
DEFRTG","EST. 
NETRTG","EST. 
AST RATIO","EST. 
OREB%","EST. 
DREB%","EST. 
REB%","EST. 
TO RATIO","EST. 
USG%","EST. 
PACE"
Jaden McDaniels,MIN,24,57,31,26,32.0,112.0,109.3,2.7,8.4,1.58,13.7,4.6,12.3,8.5,8.7,53.4,55.9,15.4,98.11,8.1,3710,110.4,108.2,2.2,13.6,5.3,13.9,9.6,8.6,15.7,99.27
Nickeil Alexander-Walker,MIN,26,57,31,26,24.8,112.0,106.9,5.2,14.5,1.99,22.0,2.4,9.6,6.1,11.1,56.4,58.1,15.2,99.74,7.7,2930,111.3,106.1,5.2,21.9,2.8,11.0,7.0,11.0,15.7,100.41
Buddy Hield,GSW,32,56,29,27,23.6,109.8,110.8,-1.0,10.4,1.39,12.4,2.1,11.4,6.5,8.9,53.9,55.3,20.1,101.05,8.3,2793,108.4,111.2,-2.9,12.3,2.4,13.1,7.5,8.8,20.7,101.51
Jalen Green,HOU,23,56,35,21,33.3,112.8,111.0,1.8,14.1,1.17,12.0,1.5,10.9,6.1,10.3,50.8,54.9,26.8,99.61,10.9,3871,109.9,109.6,0.3,11.9,1.8,12.6,7.0,10.2,27.4,101.57
Jarrett Allen,CLE,26,56,46,10,28.6,123.7,111.1,12.6,8.9,1.71,15.9,9.8,25.2,17.8,9.3,70.6,72.8,15.3,101.85,14.8,3402,122.8,109.2,13.6,15.9,10.8,28.1,19.8,9.3,15.5,103.12
Jaylen Wells,MEM,21,56,37,19,25.7,116.4,111.8,4.6,8.0,1.78,13.4,4.1,7.6,5.9,7.5,54.8,58.1,16.1,104.93,7.0,3139,114.0,110.6,3.4,13.3,4.7,8.6,6.7,7.5,16.4,106.61
Julian Strawther,DEN,22,56,37,19,22.6,113.4,113.5,-0.1,8.1,1.52,12.6,1.3,8.3,4.9,8.3,53.9,56.8,17.2,102.72,5.9,2705,113.0,112.3,0.7,12.6,1.4,9.4,5.6,8.3,17.7,103.43
Malik Beasley,DET,28,56,30,26,27.5,111.2,109.4,1.8,9.4,1.63,10.5,2.0,7.8,4.9,6.4,59.0,59.9,21.7,102.57,9.9,3298,110.0,109.0,1.0,10.4,2.3,8.8,5.5,6.4,22.5,103.33
Mikal Bridges,NYK,28,56,37,19,38.1,119.9,112.9,7.0,12.0,2.17,16.6,2.5,6.0,4.3,7.6,56.6,57.5,18.8,98.84,8.3,4388,117.9,112.3,5.6,16.6,2.9,6.8,4.9,7.6,19.1,99.94
Naz Reid,MIN,25,56,30,26,26.8,113.6,108.4,5.2,12.0,1.69,13.5,3.8,16.7,10.3,8.0,58.6,60.8,20.7,99.46,12.0,3112,112.6,107.5,5.2,13.4,4.3,19.1,11.7,7.9,21.3,100.3
Ronald Holland II,DET,19,56,30,26,15.6,106.8,111.1,-4.3,8.1,0.98,11.2,2.9,14.0,8.3,11.4,48.8,52.7,17.6,100.94,6.9,1831,106.2,110.8,-4.6,11.2,3.4,16.0,9.6,11.4,18.2,101.34
Scotty Pippen Jr.,MEM,24,56,37,19,20.3,110.4,108.7,1.7,29.0,2.48,30.6,3.4,10.9,7.2,12.4,53.5,56.2,18.9,106.38,10.4,2520,110.1,106.7,3.4,30.4,3.9,12.6,8.3,12.3,19.6,107.46
Aaron Wiggins,OKC,26,55,45,10,22.0,119.4,105.7,13.7,9.9,1.91,14.2,4.8,11.0,8.0,7.4,58.7,60.5,18.7,101.35,10.5,2557,118.7,104.9,13.7,14.2,5.5,12.5,9.1,7.4,19.1,102.02
Anthony Edwards,MIN,23,55,30,25,36.8,114.8,110.9,4.0,20.9,1.29,14.2,2.1,13.2,7.7,11.0,53.8,58.4,31.4,97.93,13.7,4132,113.4,109.0,4.3,14.2,2.4,15.1,8.8,10.9,32.1,99.39
Bub Carrington,WAS,19,55,9,46,29.4,102.2,120.2,-18.0,19.1,2.58,28.1,1.2,11.6,6.3,10.9,50.8,52.7,14.1,103.3,6.7,3481,101.9,119.6,-17.6,28.1,1.4,13.0,7.1,10.9,14.5,103.73
Christian Braun,DEN,23,55,36,19,33.1,122.7,113.5,9.2,8.3,2.28,15.1,4.1,10.5,7.6,6.6,62.3,65.7,15.5,101.48,9.2,3843,122.1,111.9,10.2,15.2,4.7,11.9,8.5,6.6,15.8,102.45
Georges Niang,ATL,31,55,43,12,21.2,117.9,110.0,8.0,8.8,1.52,14.4,3.1,13.6,8.5,9.5,60.6,61.8,16.2,101.64,7.6,2478,118.4,109.1,9.3,14.4,3.5,15.6,9.6,9.5,16.7,101.83
Jalen Brunson,NYK,28,55,36,19,35.1,119.4,115.4,4.0,32.5,3.07,24.1,1.2,7.1,4.2,7.8,55.3,60.8,28.9,98.14,13.9,3956,117.3,115.1,2.3,23.9,1.4,8.0,4.7,7.8,29.5,99.14
Jonas Valančiūnas,SAC,32,55,11,44,19.4,105.0,120.9,-15.9,18.2,1.22,16.1,11.7,27.4,19.4,13.1,55.3,59.9,22.8,102.54,14.7,2287,104.5,121.2,-16.6,16.1,13.7,30.3,22.0,13.2,23.4,102.68
Kentavious Caldwell-Pope,ORL,32,55,26,29,30.3,107.0,108.4,-1.4,8.4,2.11,17.0,1.2,6.2,3.6,8.1,50.6,54.2,12.4,96.75,5.9,3355,105.6,106.9,-1.3,16.7,1.4,7.1,4.0,7.9,12.8,98.07
Nikola Vučević,CHI,34,55,21,34,32.2,112.1,117.3,-5.2,16.1,2.03,16.7,7.1,23.0,15.2,8.2,59.6,61.6,22.1,103.9,13.7,3837,111.6,115.2,-3.6,16.6,7.9,25.6,16.9,8.2,22.6,105.09
Payton Pritchard,BOS,27,55,39,16,28.0,120.0,108.7,11.3,18.5,3.53,22.7,4.4,8.5,6.4,6.4,62.4,63.9,18.2,97.4,11.4,3124,118.7,108.3,10.3,22.7,5.1,9.6,7.4,6.4,18.7,98.08
Rudy Gobert,MIN,32,55,30,25,33.3,111.7,108.2,3.5,8.0,1.35,16.2,10.4,20.0,15.3,12.0,65.3,67.6,12.2,97.7,11.8,3728,110.3,106.9,3.4,16.2,11.9,22.7,17.4,12.0,12.4,98.92
Spencer Dinwiddie,DAL,31,55,30,25,25.3,110.8,111.2,-0.4,20.9,3.18,26.7,0.8,8.1,4.6,8.4,49.9,56.0,17.2,101.26,8.8,2932,110.6,111.0,-0.4,26.6,0.9,9.2,5.2,8.4,17.8,101.4
Anthony Black,ORL,21,54,26,28,24.6,104.9,107.0,-2.2,21.3,1.84,23.7,2.4,8.9,5.4,12.9,46.0,51.2,18.4,98.13,7.8,2710,103.2,106.2,-2.9,23.6,2.8,10.5,6.4,12.9,18.9,99.3
Brook Lopez,MIL,36,54,31,23,31.7,112.8,111.4,1.4,7.5,1.69,13.2,4.0,10.6,7.4,7.8,57.8,60.1,15.4,100.96,8.3,3605,112.1,110.6,1.5,13.2,4.3,11.7,8.2,7.8,15.7,101.63
Chris Paul,SAS,39,54,24,30,29.0,115.0,112.0,2.9,36.0,5.29,46.3,1.5,11.5,6.6,8.8,53.0,57.3,13.6,100.15,10.9,3277,114.2,111.7,2.5,45.9,1.7,12.9,7.4,8.7,14.1,100.65
Darius Garland,CLE,25,54,44,10,30.1,125.3,113.6,11.6,30.6,2.69,25.6,2.0,6.2,4.2,9.5,58.9,62.6,26.9,101.65,12.9,3445,123.4,111.6,11.8,25.5,2.2,6.9,4.7,9.5,27.4,103.32
Harrison Barnes,SAS,32,54,24,30,27.9,113.9,113.7,0.2,8.7,3.06,15.2,4.9,9.1,7.0,5.0,59.3,63.2,14.8,99.93,8.7,3138,112.8,112.7,0.1,15.3,5.4,10.1,7.8,5.0,14.9,100.8
Jalen Wilson,BKN,24,54,19,35,27.3,106.8,114.1,-7.3,10.7,1.66,16.0,3.9,9.5,6.6,9.6,48.1,52.2,15.8,96.65,5.9,2967,105.1,112.6,-7.5,16.0,4.5,11.0,7.6,9.6,16.2,98.08
Jaren Jackson Jr.,MEM,25,54,36,18,29.7,115.7,106.6,9.1,11.2,0.98,9.3,4.4,13.9,9.2,9.5,54.8,59.3,28.0,106.02,13.3,3553,114.1,105.5,8.6,9.2,5.1,15.9,10.6,9.5,28.7,107.35
Julian Champagnie,SAS,23,54,24,30,24.3,112.5,112.9,-0.4,6.9,1.27,11.5,3.0,11.8,7.5,9.1,55.1,57.7,16.1,101.95,7.5,2799,112.3,112.0,0.3,11.4,3.3,13.3,8.4,9.0,16.6,102.46
Julian Phillips,CHI,21,54,21,33,12.9,108.7,112.2,-3.5,4.1,1.05,8.6,6.1,8.0,7.1,8.2,54.1,57.5,13.0,103.9,5.5,1513,109.8,112.0,-2.2,8.6,6.8,9.2,8.0,8.1,13.6,103.42
Keon Ellis,SAC,25,54,27,27,22.4,115.1,111.6,3.5,7.4,1.48,15.4,3.5,7.8,5.7,10.4,63.1,65.7,13.0,100.39,7.7,2518,114.6,110.7,3.9,15.3,4.0,9.0,6.5,10.3,13.4,100.99
Mason Plumlee,PHX,34,54,26,28,17.5,114.7,113.2,1.5,14.1,2.17,31.7,9.6,24.7,17.6,14.6,57.1,60.1,10.1,99.61,9.4,1977,116.2,112.3,3.9,31.9,10.9,28.1,19.9,14.7,10.4,99.38
Matas Buzelis,CHI,20,54,22,32,15.0,107.6,111.9,-4.4,5.1,0.88,8.0,3.7,13.4,8.6,9.0,52.1,55.0,17.0,106.03,7.0,1801,108.3,111.4,-3.1,8.0,4.1,15.1,9.7,9.1,17.5,105.92
Pascal Siakam,IND,30,54,31,23,33.1,113.2,109.5,3.8,15.4,2.69,15.8,5.3,16.0,10.8,5.9,58.3,61.4,23.1,101.43,13.5,3785,113.6,108.6,5.0,15.8,5.9,18.2,12.1,5.9,23.8,101.69
Shai Gilgeous-Alexander,OKC,26,54,45,9,34.0,121.6,103.2,18.3,28.9,2.41,18.2,2.5,11.3,7.0,7.5,56.9,63.8,33.5,101.63,20.3,3883,120.0,102.1,17.9,18.0,2.9,12.8,8.0,7.5,34.4,102.85
Taurean Prince,MIL,30,54,30,24,26.1,112.3,113.6,-1.3,10.0,1.88,20.9,2.0,11.6,7.0,11.1,61.2,62.5,12.3,101.67,6.8,2984,111.7,112.8,-1.2,20.9,2.2,12.9,7.7,11.1,12.5,102.3
Tobias Harris,DET,32,54,29,25,31.9,115.6,110.4,5.2,9.5,2.05,14.5,2.9,15.4,9.2,7.1,52.1,56.0,17.4,100.17,9.7,3589,113.6,109.5,4.1,14.4,3.2,17.2,10.3,7.0,17.6,101.46
Toumani Camara,POR,24,54,21,33,32.4,109.7,114.6,-4.9,8.6,1.35,15.8,6.7,11.4,9.0,11.7,53.9,56.2,13.8,99.28,6.9,3617,107.6,113.6,-6.0,15.8,7.7,12.7,10.2,11.7,13.9,100.7
Tristan da Silva,ORL,23,54,26,28,24.6,107.2,108.8,-1.6,10.3,1.94,16.5,4.5,11.3,7.7,8.5,50.9,53.6,14.8,96.57,7.7,2679,106.0,107.8,-1.9,16.6,5.1,13.0,8.8,8.5,15.1,97.56
Tyus Jones,PHX,28,54,26,28,29.5,111.7,115.6,-3.9,28.3,4.31,35.2,2.0,6.1,4.1,8.2,56.0,57.8,15.9,99.78,9.5,3318,111.6,115.6,-3.9,35.3,2.2,6.7,4.5,8.2,16.2,99.82
Alperen Sengun,HOU,22,53,35,18,31.1,114.1,108.0,6.2,24.3,1.95,19.4,9.7,22.2,15.8,9.9,49.9,53.8,26.4,99.3,15.6,3422,111.2,107.3,4.0,19.4,11.2,25.1,18.0,9.9,26.7,100.91
Amen Thompson,HOU,22,53,33,20,32.0,113.0,108.9,4.1,15.6,1.65,20.4,7.6,16.1,11.8,12.4,56.3,60.1,17.2,99.97,12.7,3521,111.3,107.6,3.7,20.5,8.8,18.6,13.6,12.4,17.6,101.29
Amir Coffey,LAC,27,53,30,23,25.9,108.9,108.5,0.4,6.2,1.49,10.8,1.9,7.0,4.6,7.3,57.9,62.3,14.8,99.71,7.4,2851,107.9,108.4,-0.5,10.8,2.2,8.0,5.1,7.2,15.1,100.21
Cole Anthony,ORL,24,53,27,26,18.0,107.3,107.9,-0.6,26.1,1.72,21.1,3.5,13.2,8.1,12.2,49.4,52.8,24.9,97.99,10.5,1948,106.2,107.3,-1.2,21.0,4.0,14.9,9.2,12.2,25.6,98.82
Deni Avdija,POR,24,53,23,30,28.7,111.5,115.7,-4.2,17.9,1.41,18.8,3.9,17.8,10.7,13.3,53.4,59.0,21.7,99.6,11.3,3150,109.4,114.8,-5.4,18.8,4.5,20.1,12.2,13.3,22.1,100.94
Derrick Jones Jr.,LAC,28,53,30,23,25.0,113.7,108.8,4.9,4.7,0.92,8.2,5.5,9.3,7.4,9.0,58.0,59.9,16.1,99.66,7.6,2749,112.1,108.0,4.1,8.2,6.0,10.5,8.2,8.9,16.3,100.71
Derrick White,BOS,30,53,39,14,33.5,118.1,108.5,9.5,18.0,2.62,22.1,2.6,9.6,6.2,8.4,57.5,60.2,19.3,99.13,10.2,3670,117.1,107.0,10.1,22.1,2.9,11.0,7.0,8.4,19.6,100.27
Dillon Brooks,HOU,29,53,33,20,32.2,112.8,108.3,4.5,6.8,1.52,10.3,3.2,7.9,5.5,6.8,51.6,54.2,17.1,99.18,6.0,3516,109.2,106.9,2.3,10.3,3.8,9.0,6.3,6.8,17.4,101.41
Domantas Sabonis,SAC,28,53,27,26,36.1,117.1,113.3,3.8,24.9,2.08,25.7,11.3,28.5,20.0,12.3,64.1,66.7,21.1,100.69,16.5,4012,115.3,111.9,3.4,25.7,12.7,31.9,22.3,12.3,21.4,102.1
Donovan Mitchell,CLE,28,53,43,10,31.2,120.1,106.7,13.4,22.9,2.36,17.6,2.3,10.9,6.7,7.5,55.3,58.8,29.6,102.36,14.0,3526,120.3,106.0,14.3,17.5,2.5,12.4,7.5,7.4,30.6,102.62
Ivica Zubac,LAC,27,53,31,22,32.0,113.5,106.4,7.1,11.5,1.46,15.1,12.4,27.4,20.1,10.4,61.2,62.2,18.5,99.69,15.4,3519,112.1,105.6,6.5,15.0,13.6,30.5,22.2,10.3,18.8,100.73
Jalen Duren,DET,21,53,29,24,25.7,114.7,113.4,1.3,13.8,1.4,21.2,14.2,25.8,20.1,15.2,69.5,70.8,15.6,100.52,13.6,2842,113.4,112.8,0.6,21.2,16.0,28.7,22.5,15.2,15.9,101.42
Jayson Tatum,BOS,26,53,38,15,36.3,118.3,108.8,9.5,25.4,2.05,18.3,1.5,20.9,11.2,8.9,54.4,58.9,29.5,99.08,16.1,3981,116.5,106.9,9.5,18.1,1.7,24.0,12.8,8.8,30.3,100.7
Josh Hart,NYK,29,53,35,18,37.8,119.5,114.7,4.8,19.7,2.91,30.0,6.2,19.7,13.1,10.3,61.0,64.4,15.2,98.37,12.4,4104,117.6,113.8,3.8,29.9,7.0,22.1,14.7,10.3,15.4,99.54
Keegan Murray,SAC,24,53,26,27,35.0,114.4,112.7,1.7,5.4,1.6,10.8,5.9,13.4,9.7,6.7,52.2,53.9,14.4,101.23,7.1,3898,113.2,111.9,1.3,10.8,6.7,15.1,11.0,6.7,14.7,102.12
Keon Johnson,BKN,22,53,20,33,23.3,101.8,112.5,-10.7,13.5,1.52,13.9,3.0,12.4,7.4,9.2,44.7,47.6,21.3,98.68,6.5,2541,100.9,111.9,-11.0,13.9,3.4,14.1,8.5,9.1,21.9,99.45
Max Christie,DAL,22,53,32,21,26.3,113.6,112.4,1.1,8.7,1.68,15.9,2.3,8.8,5.7,9.5,56.5,61.3,14.5,99.08,7.3,2878,114.3,111.0,3.3,15.9,2.6,10.0,6.4,9.5,15.0,99.43
Michael Porter Jr.,DEN,26,53,34,19,33.2,121.4,113.4,8.1,8.7,1.61,12.0,5.7,13.5,9.8,7.4,61.4,63.2,20.1,101.46,10.6,3720,120.8,112.5,8.4,11.9,6.3,15.0,10.9,7.4,20.6,102.12
Nicolas Batum,LAC,36,53,30,23,17.3,106.5,104.1,2.4,9.7,3.0,26.6,3.7,11.8,7.8,8.9,53.9,55.3,8.4,101.03,6.3,1922,106.9,104.9,2.0,26.6,4.1,13.5,8.8,8.9,8.6,100.45
Stephon Castle,SAS,20,53,23,30,25.3,110.7,112.3,-1.6,20.5,1.8,19.4,3.2,7.8,5.5,10.7,46.7,51.2,23.7,101.82,8.0,2843,111.0,111.3,-0.3,19.4,3.6,8.8,6.2,10.8,24.3,102.18
T.J. McConnell,IND,32,53,31,22,18.5,112.2,114.2,-2.0,35.2,3.01,30.5,3.0,10.5,6.9,10.1,53.0,54.7,23.3,104.37,12.9,2142,113.7,113.8,-0.2,30.6,3.4,12.0,7.8,10.1,24.2,103.86
Tyrese Haliburton,IND,24,53,31,22,34.0,115.6,115.1,0.5,35.3,4.75,33.6,1.8,8.6,5.2,7.1,55.6,59.1,21.0,100.88,13.0,3799,115.0,113.9,1.1,33.4,2.0,9.7,5.8,7.0,21.6,101.67
Yves Missi,NOP,20,53,11,42,27.0,107.7,119.1,-11.5,7.1,1.13,13.5,12.1,16.8,14.4,12.0,53.9,56.8,13.3,100.4,8.5,2998,107.5,117.2,-9.7,13.6,13.4,19.0,16.1,12.1,13.6,101.31
Andre Jackson Jr.,MIL,23,52,29,23,17.1,109.7,111.7,-2.0,10.7,1.45,24.0,6.5,11.3,9.0,16.6,54.6,54.9,11.2,101.54,4.9,1875,110.1,111.3,-1.2,24.0,7.3,12.6,10.0,16.6,11.5,101.51
Anfernee Simons,POR,25,52,20,32,32.4,107.9,114.5,-6.6,25.4,2.42,21.3,0.9,7.3,4.0,8.8,51.9,55.5,23.9,99.49,10.3,3484,106.4,113.9,-7.6,21.2,1.0,8.2,4.5,8.8,24.6,100.44
Bam Adebayo,MIA,27,52,26,26,34.1,109.1,110.2,-1.1,21.3,2.02,19.9,7.5,22.0,14.7,9.9,50.2,54.1,22.8,97.08,13.4,3591,108.5,109.7,-1.2,20.0,8.3,24.2,16.3,9.9,23.3,97.54
Bennedict Mathurin,IND,22,52,29,23,31.4,114.1,113.1,1.0,8.5,1.02,10.6,4.1,13.6,9.0,10.4,53.8,58.9,21.5,100.8,9.2,3441,114.3,112.3,2.0,10.6,4.6,15.2,10.1,10.4,22.1,101.08
Brandon Clarke,MEM,28,52,35,17,18.9,117.1,108.2,8.9,6.6,1.5,12.5,9.6,14.8,12.3,8.3,61.3,62.6,14.6,105.61,10.1,2148,115.8,106.7,9.1,12.3,11.0,17.1,14.1,8.2,15.0,106.95
De'Aaron Fox,SAS,27,52,24,28,36.7,113.6,113.0,0.6,26.1,2.21,20.4,2.4,10.6,6.5,9.2,52.5,57.1,27.8,102.28,12.5,4063,113.1,112.6,0.5,20.4,2.7,12.1,7.4,9.2,28.4,102.72
Guerschon Yabusele,PHI,29,52,20,32,26.6,113.2,115.2,-1.9,11.0,1.55,16.5,7.0,15.2,10.9,10.7,61.0,63.1,16.2,97.54,9.4,2808,112.0,114.3,-2.3,16.5,8.1,17.6,12.6,10.7,16.6,98.45
Jake LaRavia,SAC,23,52,34,18,20.1,115.3,109.9,5.4,16.4,1.81,26.4,6.8,12.4,9.6,14.6,56.0,59.0,14.1,105.5,8.7,2302,114.4,108.4,6.1,26.6,7.9,14.3,11.2,14.6,14.4,106.62
Jalen Williams,OKC,23,52,42,10,32.5,114.6,104.6,10.0,23.6,2.27,19.5,2.6,13.6,8.1,8.6,52.8,56.1,26.9,101.79,13.8,3575,113.2,104.0,9.2,19.5,3.0,15.2,9.2,8.6,27.3,102.74
James Harden,LAC,35,52,31,21,34.4,113.1,108.1,5.0,37.2,1.91,26.9,1.8,14.8,8.4,14.1,48.1,56.5,28.7,99.55,14.0,3704,111.4,107.3,4.1,26.7,2.1,16.6,9.4,14.0,29.4,100.69
Josh Giddey,CHI,22,52,21,31,28.9,109.5,115.6,-6.2,30.2,2.32,31.0,5.6,17.9,11.9,13.3,51.9,54.8,20.1,104.56,11.5,3270,110.0,114.0,-4.0,31.1,6.2,20.2,13.2,13.4,20.6,105.02
Kelly Oubre Jr.,PHI,29,52,19,33,34.7,111.2,115.0,-3.8,7.8,1.38,11.1,4.6,14.8,9.5,8.0,51.2,54.5,18.1,98.44,8.5,3694,110.0,113.9,-3.8,11.0,5.2,16.7,10.7,8.0,18.6,99.46
Quentin Grimes,PHI,24,52,25,27,23.7,113.3,114.1,-0.8,14.0,1.78,18.3,2.9,13.1,8.1,10.3,56.9,59.6,18.1,100.9,9.5,2589,112.9,113.3,-0.4,18.2,3.3,14.9,9.2,10.2,18.7,101.39
Tim Hardaway Jr.,DET,32,52,28,24,28.3,114.6,114.9,-0.4,7.3,2.27,14.1,0.7,7.4,4.1,6.2,53.2,56.8,14.5,99.87,6.1,3076,113.0,113.3,-0.3,14.0,0.8,8.3,4.6,6.1,15.0,101.27
Trae Young,ATL,26,52,24,28,36.2,113.3,113.2,0.0,44.9,2.35,30.4,1.3,7.2,4.2,12.9,49.0,56.1,28.3,106.11,12.4,4168,112.1,112.5,-0.4,30.3,1.5,8.1,4.7,12.9,29.1,107.0
Ty Jerome,CLE,27,52,43,9,19.1,120.1,108.8,11.4,24.3,2.69,25.2,3.8,8.4,6.2,9.4,61.1,64.6,21.7,101.77,13.3,2105,120.0,107.7,12.2,25.0,4.2,9.6,6.9,9.3,22.3,102.33
Tyler Herro,MIA,25,52,26,26,35.6,112.7,113.5,-0.8,26.0,2.06,20.1,1.0,14.0,7.6,9.8,57.1,60.8,26.7,98.04,13.8,3795,111.4,112.8,-1.4,19.8,1.1,15.5,8.4,9.6,27.6,98.91
Bilal Coulibaly,WAS,20,51,9,42,33.4,103.6,119.1,-15.5,15.5,1.71,20.1,4.0,10.2,7.0,11.7,46.8,51.3,17.2,103.54,7.0,3668,102.2,117.9,-15.7,20.1,4.6,11.3,7.9,11.7,17.6,104.75
Cade Cunningham,DET,23,51,28,23,35.4,114.6,111.6,3.0,41.7,2.14,25.8,2.4,15.0,8.7,12.0,51.1,55.4,31.9,100.97,14.8,3808,113.0,110.3,2.7,25.7,2.8,16.7,9.8,12.0,32.6,102.3
Dalton Knecht,LAL,23,51,30,21,20.3,112.6,115.6,-2.9,6.2,1.76,9.6,2.6,12.3,7.6,5.4,56.8,59.2,17.3,98.62,8.3,2137,112.8,114.5,-1.7,9.5,2.9,14.0,8.6,5.4,17.9,99.04
Daniel Gafford,DAL,26,51,26,25,21.9,115.6,113.3,2.3,9.6,1.2,12.9,12.5,16.8,14.8,10.7,69.9,71.6,18.3,101.95,13.9,2366,115.1,112.8,2.3,12.8,14.1,19.1,16.7,10.7,18.9,102.42
DeMar DeRozan,SAC,35,51,26,25,35.9,116.5,114.2,2.3,15.2,2.8,15.8,1.4,9.2,5.3,5.7,52.2,58.2,23.4,101.05,11.1,3863,115.2,113.4,1.7,15.7,1.5,10.2,5.9,5.6,24.1,102.0
Dennis Schröder,DET,31,51,24,27,28.8,110.2,113.5,-3.4,29.1,2.42,26.1,0.9,8.0,4.3,10.8,49.3,53.3,22.0,99.58,8.8,3036,109.3,112.7,-3.4,26.0,1.0,9.3,4.9,10.7,22.7,100.37
Duncan Robinson,MIA,30,51,24,27,24.1,111.1,110.6,0.5,16.1,2.38,20.1,1.1,8.5,4.8,8.4,55.9,57.6,18.8,97.63,7.5,2519,110.6,110.2,0.4,20.0,1.2,9.4,5.4,8.4,19.4,98.08
Dyson Daniels,ATL,21,51,24,27,34.0,111.1,114.5,-3.4,16.0,2.21,21.0,4.6,11.5,7.9,9.5,51.2,52.5,17.5,104.56,9.1,3767,110.1,113.3,-3.2,21.0,5.2,13.0,8.9,9.5,17.9,105.57
Isaiah Stewart,DET,23,51,26,25,20.0,106.8,109.0,-2.2,12.1,1.83,22.6,9.5,17.1,13.3,12.3,56.4,59.9,11.8,101.29,9.5,2150,106.4,108.5,-2.2,22.5,11.0,19.6,15.3,12.3,12.4,101.75
Jalen Smith,CHI,24,51,20,31,15.0,108.4,110.7,-2.3,9.4,1.52,11.0,8.3,23.3,15.9,7.2,57.3,60.8,20.1,105.94,13.6,1685,108.2,110.7,-2.5,10.9,9.5,26.9,18.3,7.2,20.7,106.03
Jarace Walker,IND,21,51,28,23,16.3,107.3,114.6,-7.3,12.0,1.26,18.3,2.1,18.3,9.9,14.5,55.2,57.0,16.2,102.83,8.0,1772,107.4,115.0,-7.6,18.2,2.4,21.3,11.3,14.4,16.8,102.64
Karl-Anthony Towns,NYK,29,51,35,16,34.9,120.9,113.0,7.9,13.7,1.26,13.1,9.1,29.6,19.5,10.4,59.5,64.1,26.3,99.97,16.7,3715,118.8,112.5,6.3,13.0,10.4,33.4,22.2,10.3,27.0,101.04
Keldon Johnson,SAS,25,51,22,29,23.3,107.8,114.9,-7.1,9.7,1.68,11.2,5.3,12.8,9.0,6.7,52.4,55.9,20.2,102.33,9.5,2541,107.8,113.8,-6.0,11.2,6.0,14.7,10.2,6.7,20.8,102.82
Luguentz Dort,OKC,25,51,41,10,29.0,118.5,104.8,13.7,6.9,2.37,15.1,4.6,8.9,6.8,6.4,56.7,58.2,13.2,101.51,6.3,3113,117.3,103.4,14.0,15.0,5.2,10.0,7.6,6.3,13.5,102.68
Obi Toppin,IND,26,51,29,22,19.4,111.9,116.5,-4.6,11.0,2.05,14.9,3.6,17.0,10.3,7.3,62.5,64.8,18.3,104.7,11.8,2165,112.7,116.4,-3.7,14.9,4.1,19.4,11.8,7.2,19.0,104.41
Simone Fontecchio,DET,29,51,26,25,17.7,108.1,110.9,-2.8,6.9,1.1,11.7,4.0,13.1,8.4,10.6,48.0,52.7,15.3,102.76,6.4,1926,107.0,111.5,-4.5,11.7,4.6,14.9,9.7,10.6,15.8,103.05
Cameron Payne,NYK,30,50,35,15,14.7,120.0,110.9,9.2,24.2,4.12,27.6,1.5,7.9,4.7,6.7,53.0,56.0,19.9,101.16,9.3,1543,119.1,110.2,8.9,27.6,1.7,9.1,5.4,6.7,20.5,101.88
Corey Kispert,WAS,25,50,8,42,26.7,109.1,117.7,-8.6,8.9,1.52,12.9,2.4,8.5,5.4,8.5,56.6,58.9,16.9,102.74,7.4,2867,108.0,117.8,-9.7,12.8,2.8,9.5,6.2,8.5,17.5,103.25
Evan Mobley,CLE,23,50,42,8,29.9,121.7,106.6,15.1,13.9,1.57,15.6,7.6,21.6,15.0,9.9,61.4,64.6,22.5,102.58,15.5,3195,121.6,106.4,15.3,15.5,8.5,24.5,16.8,9.9,23.2,102.71
Gary Trent Jr.,MIL,26,50,29,21,25.1,114.3,114.1,0.2,6.5,1.97,11.2,0.9,8.0,4.6,5.7,56.9,58.7,15.9,101.26,6.6,2647,114.6,113.8,0.8,11.2,1.0,9.0,5.1,5.7,16.4,101.32
Isaiah Joe,OKC,25,50,42,8,21.2,120.1,102.7,17.4,8.4,3.04,14.2,2.3,8.9,5.7,4.7,58.8,59.6,16.4,102.05,8.3,2259,118.8,102.8,16.1,14.1,2.6,10.2,6.5,4.6,16.9,102.56
Jamal Shead,TOR,22,50,16,34,17.2,105.9,118.4,-12.5,29.7,2.42,33.1,1.3,5.6,3.4,13.7,50.0,51.8,17.1,100.6,6.5,1814,105.7,117.2,-11.4,32.9,1.5,6.5,3.9,13.6,17.9,101.21
Javonte Green,NOP,31,50,11,39,21.8,107.6,118.3,-10.7,5.6,1.61,13.9,4.1,11.4,7.6,8.6,53.1,56.9,10.5,102.0,6.4,2316,107.6,116.6,-9.0,13.8,4.6,13.0,8.6,8.6,10.8,102.75
Jonathan Isaac,ORL,27,50,24,26,16.5,102.5,106.8,-4.3,4.7,1.09,7.1,9.8,19.5,14.2,6.5,47.9,51.2,15.8,98.83,10.9,1690,102.3,107.0,-4.7,7.1,11.3,23.3,16.6,6.5,16.3,98.88
Kevon Looney,GSW,29,50,26,24,16.1,110.4,106.9,3.6,16.2,2.97,25.3,15.1,23.3,18.9,8.5,50.2,51.7,13.4,101.23,11.8,1688,110.1,106.4,3.7,25.3,17.2,26.7,21.7,8.5,13.9,101.61
LeBron James,LAL,40,50,30,20,34.6,111.6,113.2,-1.6,43.3,2.26,27.0,2.6,19.3,11.2,11.9,57.9,60.8,29.5,100.93,17.4,3650,111.9,112.4,-0.4,26.9,2.9,22.0,12.7,11.9,30.5,101.16
Luke Kornet,BOS,29,50,34,16,17.3,120.1,105.1,15.0,12.2,3.81,27.7,12.8,14.9,13.9,7.3,65.8,68.7,10.2,97.66,11.5,1757,119.4,104.6,14.9,27.7,14.8,17.1,16.0,7.3,10.4,98.18
Nikola Jokić,DEN,30,50,35,15,36.0,126.5,114.2,12.3,40.5,3.3,28.8,8.9,24.9,17.4,8.7,62.9,66.5,28.7,102.63,21.1,3851,125.3,112.9,12.5,28.6,10.0,27.9,19.6,8.7,29.4,103.69
OG Anunoby,NYK,27,50,32,18,36.1,120.0,112.4,7.6,7.3,1.5,11.6,3.7,9.3,6.5,7.8,56.2,58.8,17.9,98.08,8.3,3688,118.3,111.9,6.4,11.6,4.1,10.4,7.3,7.8,18.2,98.96
Ochai Agbaji,TOR,24,50,14,36,27.6,107.7,114.4,-6.6,8.3,2.05,14.8,3.1,9.7,6.5,7.2,59.9,60.6,13.9,101.17,8.0,2912,106.7,112.6,-5.9,14.7,3.5,11.0,7.3,7.2,14.3,102.47
Ryan Dunn,PHX,22,50,24,26,18.2,110.1,113.8,-3.7,6.8,2.15,11.7,5.1,11.5,8.4,5.4,52.4,52.4,15.0,100.19,5.8,1897,112.6,112.6,0.0,11.7,5.8,13.0,9.5,5.4,15.7,99.65
Trayce Jackson-Davis,GSW,25,50,25,25,18.2,107.1,111.9,-4.8,16.2,2.37,21.3,10.9,19.2,14.9,9.0,57.3,58.7,16.1,101.29,12.0,1923,107.0,111.7,-4.7,21.2,12.2,21.5,16.7,9.0,16.7,101.42
Austin Reaves,LAL,26,49,31,18,34.7,115.5,111.7,3.8,25.5,2.46,25.0,2.5,9.6,6.2,10.2,53.5,59.5,22.8,99.96,11.4,3541,114.6,110.0,4.5,24.8,2.9,10.9,7.0,10.1,23.4,101.12
Coby White,CHI,25,49,18,31,32.7,109.3,116.1,-6.9,20.2,1.91,20.3,1.0,8.5,4.8,10.6,53.3,57.7,22.3,105.56,8.7,3534,109.1,115.6,-6.4,20.2,1.1,9.6,5.4,10.6,23.1,105.87
Dalen Terry,CHI,22,49,18,31,12.6,102.4,112.6,-10.2,13.0,1.63,21.4,3.9,6.9,5.3,13.2,52.0,55.0,13.4,105.7,4.9,1357,102.8,113.4,-10.7,21.5,4.4,7.8,6.0,13.2,13.9,105.15
Devin Booker,PHX,28,49,25,24,37.2,114.2,116.1,-1.9,28.8,2.48,21.5,2.6,7.8,5.3,8.6,52.0,59.1,28.5,99.55,12.7,3790,114.2,115.3,-1.1,21.3,2.8,8.7,5.9,8.6,29.2,99.89
Gradey Dick,TOR,21,49,13,36,29.6,111.4,116.1,-4.7,8.6,1.16,10.7,2.7,8.7,5.7,9.2,49.8,54.7,21.3,101.32,7.2,3053,109.7,115.2,-5.5,10.7,3.1,9.8,6.4,9.2,21.7,102.45
Haywood Highsmith,MIA,28,49,24,25,23.7,109.7,112.4,-2.7,7.4,1.74,17.1,3.4,9.3,6.3,9.8,58.0,58.9,10.9,97.96,5.6,2381,109.1,110.9,-1.8,17.1,3.7,10.2,7.0,9.8,11.2,98.87
Jamal Murray,DEN,27,49,31,18,36.0,122.2,115.3,6.9,22.2,2.83,22.9,1.8,8.5,5.3,8.1,54.2,58.0,23.6,101.08,10.9,3711,121.6,114.4,7.2,22.8,2.0,9.6,6.0,8.1,24.2,101.71
Josh Green,CHA,24,49,12,37,28.7,105.4,112.9,-7.5,7.2,1.48,15.8,2.9,6.5,4.6,10.7,56.2,57.7,11.3,99.67,4.6,2910,104.0,112.5,-8.5,15.8,3.3,7.2,5.2,10.7,11.5,100.5
Kevin Porter Jr.,MIL,24,49,27,22,19.5,105.2,107.0,-1.8,26.8,1.73,21.8,3.2,13.8,8.7,12.6,46.2,48.5,25.0,100.6,10.2,2000,104.8,106.9,-2.1,21.8,3.5,15.7,9.8,12.6,25.6,100.8
Klay Thompson,DAL,35,49,25,24,27.2,116.1,111.4,4.7,10.2,1.5,12.9,2.2,9.7,6.1,8.6,54.3,55.8,21.0,100.03,8.5,2793,115.8,110.1,5.7,12.8,2.4,10.9,6.7,8.5,21.5,100.72
Kyshawn George,WAS,21,49,8,41,26.3,105.3,116.8,-11.6,11.9,1.73,19.0,2.8,11.8,7.2,11.0,46.1,48.9,14.7,102.25,5.0,2761,104.7,116.7,-12.0,19.0,3.2,13.2,8.2,11.0,15.2,102.6
Onyeka Okongwu,ATL,24,49,22,27,25.6,111.9,112.9,-1.0,12.1,2.04,16.5,10.3,20.2,15.1,8.1,59.7,62.7,16.6,105.56,12.3,2757,111.3,112.3,-1.0,16.5,11.6,23.3,17.2,8.1,17.0,106.12
Royce O'Neale,PHX,31,49,23,26,26.0,111.5,114.2,-2.7,12.0,2.21,18.6,3.0,15.7,9.4,8.4,58.8,59.5,15.3,100.67,8.9,2676,112.8,115.0,-2.1,18.6,3.4,17.7,10.6,8.4,15.8,99.76
Russell Westbrook,DEN,36,49,30,19,27.6,117.2,114.4,2.7,29.5,2.08,30.2,5.1,12.5,9.0,14.5,52.9,55.3,21.8,103.94,9.9,2929,117.2,112.7,4.5,30.3,5.7,14.2,10.2,14.6,22.2,104.71
Zaccharie Risacher,ATL,19,49,24,25,23.8,110.3,113.5,-3.3,7.0,1.15,9.3,5.1,9.3,7.1,8.0,49.5,52.2,20.1,105.19,6.4,2552,109.4,112.8,-3.4,9.2,5.7,10.3,7.9,8.0,20.4,105.97
Zach LaVine,SAC,29,49,21,28,34.5,115.0,115.6,-0.6,19.3,1.59,17.4,0.8,11.4,6.4,11.0,59.1,62.6,25.8,103.68,11.8,3651,114.4,113.6,0.7,17.3,0.9,12.7,7.1,10.9,26.4,104.87
AJ Green,MIL,25,48,28,20,22.4,112.7,109.0,3.7,7.7,2.48,16.0,1.1,8.5,5.0,6.5,60.6,61.6,13.1,100.8,5.8,2258,112.1,108.2,3.9,16.0,1.2,9.6,5.6,6.4,13.4,101.43
Davion Mitchell,MIA,26,48,16,32,25.2,108.9,111.1,-2.2,23.2,2.59,36.5,1.4,5.8,3.6,14.1,52.7,54.3,12.9,100.69,5.6,2530,108.1,110.5,-2.4,36.4,1.5,6.5,4.1,14.0,13.2,101.33
Jordan Poole,WAS,25,48,9,39,31.4,103.2,116.8,-13.6,26.1,1.47,18.4,1.4,8.2,4.7,12.6,52.1,57.1,28.0,104.08,10.1,3267,101.4,115.8,-14.4,18.4,1.6,9.0,5.2,12.5,28.6,105.43
Julius Randle,MIN,30,48,27,21,32.6,113.2,110.3,2.9,22.0,1.57,18.8,6.5,14.7,10.7,12.0,52.2,57.8,25.3,98.33,12.2,3203,112.5,108.8,3.7,18.9,7.5,16.6,12.2,12.0,25.7,99.32
Kris Dunn,LAC,30,48,27,21,23.0,110.1,104.4,5.7,17.0,2.69,29.7,3.8,11.3,7.6,11.0,50.2,50.3,12.8,99.99,7.1,2292,108.9,103.9,5.0,29.7,4.1,12.8,8.5,11.0,13.0,100.77
Malik Monk,SAC,27,48,26,22,32.6,116.4,114.2,2.2,25.0,2.58,24.0,1.2,10.1,5.6,9.3,51.5,55.3,23.2,101.96,10.1,3323,114.7,113.6,1.1,23.9,1.4,11.4,6.3,9.3,23.7,102.99
Mike Conley,MIN,37,48,28,20,25.1,112.6,108.3,4.3,25.4,4.25,35.0,2.0,8.5,5.3,8.2,49.7,54.2,14.6,98.25,9.1,2470,111.9,107.2,4.7,34.8,2.3,9.6,6.0,8.2,15.0,99.06
Moses Moody,GSW,22,48,26,22,19.6,113.9,110.8,3.2,8.6,1.7,11.8,2.7,8.4,5.4,6.9,55.9,58.2,18.2,101.06,7.8,1979,112.7,110.8,1.9,11.7,3.1,9.7,6.3,6.9,18.8,101.57
Nic Claxton,BKN,25,48,15,33,26.6,102.7,115.2,-12.5,12.9,1.63,16.1,7.9,20.8,14.1,9.9,54.3,54.9,17.0,96.8,11.6,2571,101.7,112.9,-11.2,16.1,9.0,24.0,16.2,9.9,17.3,98.22
Peyton Watson,DEN,22,48,29,19,24.1,114.3,112.1,2.2,7.9,1.67,15.8,3.5,9.9,6.9,9.4,52.5,56.8,13.9,101.73,7.0,2446,115.4,110.8,4.6,15.8,3.9,11.3,7.8,9.4,14.4,101.9
Santi Aldama,MEM,24,48,32,16,24.7,116.6,108.2,8.4,14.2,2.61,18.5,6.1,18.8,12.5,7.1,57.5,58.8,18.4,106.14,13.3,2631,114.7,107.2,7.5,18.4,7.0,21.3,14.2,7.1,18.8,107.52
Scoot Henderson,POR,21,48,21,27,26.6,110.8,114.5,-3.7,28.5,2.0,27.4,2.4,8.7,5.5,13.7,50.5,55.3,21.3,100.68,9.1,2675,109.3,113.8,-4.5,27.5,2.8,9.9,6.2,13.8,21.6,101.69
Shaedon Sharpe,POR,21,48,20,28,30.0,108.2,115.9,-7.6,13.1,1.31,12.4,2.4,10.2,6.2,9.4,50.9,54.3,24.5,99.31,9.3,2983,106.9,115.0,-8.1,12.3,2.7,11.3,7.0,9.4,25.0,100.29
Terry Rozier,MIA,30,48,22,26,28.2,108.1,113.2,-5.1,15.5,2.06,17.7,2.6,11.1,6.9,8.6,48.0,51.4,20.0,98.49,8.3,2794,108.0,112.1,-4.1,17.6,2.9,12.4,7.6,8.6,20.6,99.0
Cason Wallace,OKC,21,47,38,9,27.3,115.6,104.1,11.5,11.3,3.38,24.3,3.8,8.0,5.9,7.2,52.0,52.9,11.7,101.35,7.1,2689,114.1,103.3,10.8,24.2,4.3,9.0,6.7,7.2,11.9,102.38
Chris Boucher,TOR,32,47,17,30,17.2,112.1,113.6,-1.5,5.8,1.11,7.0,7.5,17.0,12.2,6.3,57.9,61.0,21.0,99.41,12.5,1681,111.3,113.1,-1.8,7.0,8.6,19.7,14.1,6.3,21.5,99.99
Goga Bitadze,ORL,25,47,26,21,23.4,109.1,106.8,2.2,13.8,1.68,21.1,11.3,24.7,17.8,12.6,62.5,63.7,14.8,94.92,14.4,2173,107.3,105.2,2.1,21.1,12.9,28.0,20.2,12.6,15.1,96.43
Isaiah Collier,UTA,20,47,11,36,23.8,109.7,117.1,-7.4,34.9,2.07,36.9,1.6,10.9,6.3,17.8,45.2,47.1,17.8,101.74,7.0,2372,109.5,117.1,-7.6,36.9,1.8,12.7,7.3,17.8,18.2,101.82
Jay Huff,MEM,27,47,30,17,12.2,111.6,113.0,-1.5,7.8,1.07,9.7,3.9,11.7,8.0,9.0,66.1,67.9,19.2,108.29,10.4,1298,113.0,112.7,0.3,9.7,4.4,13.2,9.0,9.1,19.8,107.71
Jaylen Brown,BOS,28,47,33,14,35.1,119.1,111.3,7.8,21.5,1.81,17.1,4.0,12.3,8.2,9.5,51.4,55.2,28.3,99.57,11.4,3420,117.7,109.6,8.1,17.1,4.5,14.0,9.2,9.4,28.8,100.95
Kevin Huerter,CHI,26,47,22,25,20.8,109.2,113.9,-4.7,11.8,1.95,17.1,2.3,11.1,6.6,8.8,49.3,50.4,17.0,101.43,6.5,2065,108.3,113.0,-4.7,17.1,2.6,12.5,7.5,8.8,17.4,102.22
Myles Turner,IND,28,47,27,20,30.6,114.4,111.9,2.5,7.1,0.81,9.5,4.4,17.0,10.9,11.7,56.1,59.3,20.8,100.11,9.6,2997,113.6,111.6,2.0,9.5,4.9,19.0,12.2,11.7,21.2,100.62
Ricky Council IV,PHI,23,47,13,34,14.3,110.6,116.9,-6.3,11.9,1.96,14.4,4.4,11.7,7.9,7.3,48.1,53.6,19.6,97.31,8.8,1359,110.9,117.0,-6.0,14.4,5.1,13.7,9.2,7.4,20.2,97.14
Rui Hachimura,LAL,27,47,28,19,32.2,113.3,111.1,2.2,6.5,1.6,11.1,4.9,11.4,8.3,6.9,58.8,61.1,15.8,99.7,8.7,3142,113.1,109.6,3.6,11.1,5.5,12.8,9.3,6.9,16.1,100.46
Sam Hauser,BOS,27,47,33,14,20.2,120.8,109.4,11.4,6.7,2.94,13.3,2.9,11.5,7.2,4.5,61.1,61.4,13.7,97.22,8.1,1926,120.5,109.3,11.2,13.3,3.3,13.1,8.2,4.5,14.2,97.35
Sam Merrill,CLE,28,47,37,10,19.4,117.1,105.0,12.1,10.3,3.43,18.4,2.4,7.2,4.8,5.4,54.5,56.6,14.7,101.04,6.7,1919,116.2,102.9,13.3,18.3,2.7,8.3,5.5,5.4,15.0,102.47
Stephen Curry,GSW,36,47,23,24,32.2,116.6,113.7,2.9,28.1,2.11,21.5,1.6,11.8,6.6,10.2,55.8,59.9,28.0,101.86,13.6,3220,115.0,113.3,1.6,21.3,1.8,13.3,7.4,10.1,28.8,102.73
Tyrese Maxey,PHI,24,47,19,28,37.9,114.0,116.5,-2.5,28.1,2.46,19.0,0.7,9.1,4.7,7.7,52.6,57.5,29.7,98.22,13.5,3652,112.2,115.0,-2.8,18.9,0.8,10.4,5.4,7.7,30.4,99.62
Andrew Wiggins,MIA,29,46,22,24,30.5,109.1,111.1,-1.9,12.5,1.79,12.5,4.6,9.6,7.1,7.0,51.7,56.1,22.8,100.57,10.5,2935,108.0,110.2,-2.3,12.5,5.2,10.8,7.9,7.0,23.4,101.47
Bobby Portis,MIL,30,46,27,19,25.2,113.5,111.0,2.6,13.3,1.82,13.7,7.1,23.7,15.7,7.5,51.7,53.8,23.6,101.1,13.0,2446,112.8,110.4,2.5,13.7,7.9,26.4,17.5,7.5,24.1,101.68
Clint Capela,ATL,30,46,22,24,22.3,108.3,110.1,-1.8,7.4,1.25,11.6,13.0,24.0,18.3,9.3,56.5,57.0,16.0,105.36,11.8,2254,107.4,109.9,-2.5,11.6,14.7,26.8,20.6,9.3,16.3,105.94
Collin Sexton,UTA,26,46,11,35,28.5,112.5,115.9,-3.5,23.2,1.63,18.8,3.7,6.1,4.9,11.5,54.7,60.0,25.6,100.17,10.7,2742,111.6,115.2,-3.6,18.7,4.2,6.9,5.5,11.5,26.2,100.88
D'Angelo Russell,BKN,28,46,24,22,25.5,111.0,110.7,0.3,29.8,2.66,26.7,1.2,9.4,5.3,10.0,49.1,53.5,22.8,99.99,10.3,2460,110.0,109.1,0.9,26.7,1.3,10.8,6.1,10.0,23.4,101.17
Gabe Vincent,LAL,28,46,29,17,20.3,110.7,110.7,0.1,9.8,2.31,19.4,1.4,4.6,3.0,8.4,52.3,52.6,12.8,100.17,3.5,1948,111.1,110.3,0.8,19.4,1.6,5.3,3.4,8.4,13.2,100.15
Jaime Jaquez Jr.,MIA,24,46,23,23,23.1,106.9,113.9,-7.1,17.9,1.79,20.9,5.4,14.1,9.9,11.7,47.6,52.8,19.1,99.26,9.3,2200,106.7,113.5,-6.7,20.9,6.1,15.6,11.0,11.7,19.7,99.51
Jett Howard,ORL,21,46,23,23,11.3,102.6,105.3,-2.7,10.9,1.55,13.1,3.2,7.4,5.1,8.5,48.5,50.0,17.8,100.15,5.6,1080,101.0,106.3,-5.3,13.1,3.8,8.6,6.1,8.5,18.4,100.44
Kris Murray,POR,24,46,18,28,13.4,106.7,111.2,-4.5,9.0,1.82,16.3,6.5,8.3,7.4,9.0,50.9,50.6,13.1,101.76,6.3,1306,104.7,109.9,-5.2,16.3,7.7,9.7,8.7,9.0,13.5,103.35
Miles McBride,NYK,24,46,31,15,23.6,119.6,111.9,7.7,14.0,3.81,22.2,3.2,6.8,5.0,5.8,53.0,55.5,15.9,99.94,7.8,2255,118.6,110.7,7.8,22.2,3.6,7.8,5.7,5.8,16.4,100.89
Olivier-Maxence Prosper,DAL,22,46,26,20,10.9,101.3,109.9,-8.6,11.0,2.85,15.9,8.2,13.9,11.0,5.6,43.5,48.0,16.1,103.1,8.6,1073,103.0,110.3,-7.4,15.9,9.2,16.0,12.5,5.6,16.7,102.1
Seth Curry,CHA,34,46,13,33,14.3,107.5,110.6,-3.1,7.0,1.5,10.8,2.6,7.7,5.0,7.2,60.1,61.8,15.4,99.08,8.3,1367,105.7,110.4,-4.7,10.8,3.0,8.6,5.8,7.2,15.8,99.98
Trey Lyles,SAC,29,46,23,23,18.5,108.9,112.3,-3.4,7.0,1.65,12.8,5.0,17.7,11.1,7.8,50.6,53.3,14.0,101.46,8.4,1793,108.6,111.4,-2.8,12.9,5.8,20.6,12.9,7.8,14.4,102.03
Victor Wembanyama,SAS,21,46,21,25,33.2,112.5,110.0,2.5,18.4,1.13,13.4,5.4,25.5,15.9,11.9,55.9,59.4,30.0,101.0,16.8,3223,113.0,109.9,3.0,13.4,6.0,29.1,17.9,11.9,30.9,100.82
Ayo Dosunmu,CHI,25,45,16,29,30.5,110.1,118.4,-8.4,21.1,3.03,27.7,1.8,8.9,5.4,9.1,56.1,58.6,16.2,104.67,8.3,2993,110.2,117.6,-7.4,27.5,2.0,10.0,6.0,9.1,16.7,104.96
Damian Lillard,MIL,34,45,25,20,36.4,115.7,115.3,0.4,31.1,2.51,24.4,1.5,10.8,6.3,9.7,54.6,62.0,27.5,100.63,14.6,3441,114.3,113.9,0.5,24.1,1.7,11.9,7.0,9.6,28.1,101.87
Desmond Bane,MEM,26,45,28,17,30.7,116.5,111.3,5.2,23.8,2.07,23.5,2.7,14.6,8.8,11.4,57.7,60.7,22.2,105.1,13.2,3034,114.6,109.7,4.9,23.3,3.1,16.7,10.0,11.3,22.8,106.72
Fred VanVleet,HOU,30,45,30,15,35.5,115.2,108.5,6.7,22.7,3.73,27.3,1.7,8.9,5.1,7.3,48.9,52.1,17.9,98.22,9.9,3263,111.3,106.6,4.7,27.1,2.0,10.3,6.0,7.3,18.3,100.78
Jakob Poeltl,TOR,29,45,16,29,30.9,110.8,113.8,-3.0,13.1,1.47,17.7,11.1,21.0,16.1,12.0,61.0,62.4,17.8,101.08,12.6,2920,109.4,112.2,-2.8,17.6,12.4,23.6,18.0,12.0,18.2,102.43
Jrue Holiday,BOS,34,45,32,13,30.0,113.6,108.2,5.4,17.1,2.78,25.0,3.4,9.8,6.7,9.0,53.6,56.5,15.6,100.41,8.8,2825,112.8,106.5,6.4,24.9,3.8,11.3,7.6,9.0,15.9,101.57
Keyonte George,UTA,21,45,9,36,31.6,112.0,122.4,-10.4,28.4,2.08,24.9,1.3,10.0,5.7,12.0,49.4,54.3,23.4,100.81,9.2,2987,111.4,121.8,-10.4,24.8,1.5,11.2,6.4,11.9,24.0,101.3
Kyle Filipowski,UTA,21,45,9,36,18.3,108.7,117.8,-9.1,14.1,1.61,20.8,6.5,20.5,13.3,12.9,57.9,59.6,15.2,100.46,9.2,1725,108.5,118.0,-9.5,20.8,7.5,23.9,15.5,12.9,15.7,100.46
Kyrie Irving,DAL,32,45,27,18,36.6,117.4,113.8,3.7,19.9,2.1,17.3,3.2,9.2,6.3,8.3,55.7,60.0,26.0,99.96,12.9,3438,116.2,112.4,3.8,17.1,3.6,10.4,7.1,8.2,26.7,101.09
Moussa Diabaté,CHA,23,45,10,35,19.1,109.6,106.7,2.9,6.2,0.93,13.7,14.3,21.5,17.7,14.8,59.6,60.4,11.3,97.22,11.0,1733,107.8,106.2,1.6,13.7,17.1,24.6,20.7,14.8,11.5,98.27
Nikola Jović,MIA,21,45,21,24,25.3,109.2,110.7,-1.5,17.6,2.18,21.8,2.2,12.7,7.6,10.0,55.6,59.2,17.9,98.5,9.8,2342,108.6,110.7,-2.1,21.8,2.5,14.4,8.5,10.0,18.3,98.77
Norman Powell,LAC,31,45,27,18,33.6,115.4,108.0,7.4,10.4,1.08,9.5,1.2,9.2,5.3,8.8,59.5,63.3,26.7,100.14,12.4,3149,113.5,107.0,6.5,9.5,1.3,10.4,5.9,8.8,27.0,101.41
Patrick Williams,CHI,23,45,18,27,26.2,108.0,115.6,-7.5,10.5,1.53,16.2,2.7,11.5,7.1,10.6,46.6,49.4,16.5,105.62,6.0,2589,108.0,114.2,-6.2,16.2,3.1,12.9,8.0,10.6,16.9,106.29
Wendell Carter Jr.,ORL,25,45,19,26,25.4,106.7,107.7,-1.0,13.0,2.11,18.8,7.4,22.5,14.5,8.9,48.7,53.7,15.6,98.01,10.4,2334,105.8,106.5,-0.7,18.9,8.4,25.6,16.4,9.0,15.7,98.95
Al Horford,BOS,38,44,31,13,26.5,118.2,107.4,10.8,9.3,2.65,18.9,4.0,15.7,9.8,7.1,53.5,54.7,12.9,98.39,8.1,2391,117.6,105.8,11.8,18.9,4.5,17.9,11.2,7.1,13.3,99.39
Brice Sensabaugh,UTA,21,44,10,34,17.3,107.0,118.9,-11.9,11.2,0.95,12.2,3.4,10.3,6.8,12.9,55.9,58.6,20.8,102.85,8.2,1630,105.5,118.4,-12.9,12.2,3.9,12.1,7.9,12.8,21.3,103.8
Gary Payton II,GSW,32,44,24,20,13.5,110.2,109.6,0.6,13.7,1.9,20.1,5.8,13.5,9.7,10.6,58.9,60.5,15.1,102.2,9.4,1254,113.4,107.8,5.7,19.9,6.6,16.0,11.3,10.5,16.1,101.65
Grayson Allen,PHX,29,44,24,20,25.1,115.4,115.8,-0.3,11.7,2.0,17.7,2.6,10.4,6.7,8.8,60.5,63.5,16.5,100.96,8.8,2338,117.2,116.2,0.9,17.7,2.9,12.0,7.6,8.8,17.0,100.01
Jeremiah Robinson-Earl,NOP,24,44,12,32,17.8,107.7,118.2,-10.5,9.4,1.68,16.6,8.6,16.2,12.2,9.9,52.3,55.6,13.6,100.3,8.5,1636,106.2,118.1,-11.9,16.7,9.9,18.5,14.0,9.9,13.9,101.09
Kenrich Williams,OKC,30,44,36,8,14.7,120.0,104.1,16.0,10.1,2.08,17.4,6.0,15.7,10.8,8.3,59.9,61.4,15.5,99.95,10.2,1339,120.7,104.9,15.8,17.3,6.7,18.1,12.4,8.3,16.0,99.25
Naji Marshall,DAL,27,44,24,20,24.8,113.0,113.5,-0.6,14.9,1.85,18.8,3.9,11.4,7.8,10.2,56.4,59.5,18.4,100.57,10.2,2289,112.4,112.5,-0.1,18.8,4.5,13.0,8.9,10.2,18.9,101.28
Neemias Queta,BOS,25,44,31,13,14.0,118.5,107.9,10.6,6.4,1.0,12.3,10.0,15.9,13.0,12.3,65.5,67.7,13.5,96.15,9.8,1240,120.1,106.9,13.2,12.4,11.6,18.1,15.0,12.4,13.8,95.91
P.J. Washington,DAL,26,44,27,17,32.6,115.5,110.5,5.0,9.7,1.26,13.3,4.8,18.5,11.9,10.6,50.7,54.5,19.2,101.37,10.0,3035,114.7,109.0,5.7,13.3,5.4,21.0,13.4,10.6,19.5,102.45
Alex Sarr,WAS,19,43,5,38,26.9,99.5,115.2,-15.7,13.0,1.58,14.0,5.7,16.8,11.1,8.8,46.0,48.0,20.6,105.11,8.3,2524,98.7,114.7,-16.1,14.0,6.4,18.8,12.4,8.9,21.0,105.78
Anthony Davis,DAL,31,43,25,18,34.2,114.2,113.3,0.8,17.3,1.57,12.8,8.8,25.6,17.6,8.1,54.8,60.2,29.9,98.42,18.5,3017,113.5,111.1,2.4,12.7,9.8,28.9,19.8,8.1,30.6,99.71
Brandin Podziemski,GSW,21,43,23,20,25.4,110.3,104.9,5.4,20.3,3.23,25.2,3.3,14.0,8.4,7.8,50.7,53.1,16.6,100.93,10.7,2303,110.2,104.2,6.1,25.2,3.9,16.3,9.7,7.8,17.3,101.28
Dalano Banton,POR,25,43,15,28,15.8,112.7,113.0,-0.4,21.6,1.78,18.8,2.0,9.1,5.6,10.5,49.2,52.4,25.4,100.89,10.0,1421,111.5,112.4,-0.9,18.7,2.3,10.4,6.4,10.5,26.0,101.75
Garrison Mathews,ATL,28,43,18,25,17.7,107.3,111.2,-3.9,10.4,1.93,16.0,1.6,8.2,4.8,8.3,55.3,60.1,15.4,105.9,6.7,1684,108.0,111.5,-3.5,15.8,1.8,9.4,5.5,8.2,16.2,105.42
Giannis Antetokounmpo,MIL,30,43,25,18,34.3,117.3,112.2,5.1,31.3,1.64,16.8,6.7,26.3,17.0,10.3,61.4,62.1,35.8,100.71,20.3,3087,116.1,111.1,5.0,16.8,7.4,29.4,18.9,10.2,36.4,101.73
Jonathan Mogbo,TOR,23,43,9,34,17.7,105.1,115.3,-10.2,13.9,2.0,22.4,8.5,14.2,11.3,11.2,49.5,53.1,13.8,101.18,7.9,1595,104.8,115.5,-10.7,22.3,9.8,16.2,12.9,11.2,14.4,101.27
Luke Kennard,MEM,28,43,29,14,22.0,119.8,111.2,8.6,18.2,3.13,29.4,2.7,9.5,6.1,9.4,62.0,64.5,14.1,106.45,9.8,2103,117.7,110.9,6.8,29.0,3.1,10.8,7.0,9.3,14.6,107.5
Marcus Sasser,DET,24,43,21,22,13.9,105.5,107.9,-2.3,24.3,2.4,27.0,2.1,6.0,4.0,11.2,55.3,57.6,17.7,101.73,8.9,1268,105.7,107.7,-2.0,26.9,2.4,7.0,4.7,11.2,18.4,101.73
RJ Barrett,TOR,24,43,14,29,33.3,111.3,114.9,-3.6,25.3,1.91,19.9,2.8,16.1,9.5,10.4,53.2,55.6,27.8,102.65,12.3,3060,109.8,113.9,-4.0,19.9,3.2,18.3,10.8,10.4,28.4,103.82
Scottie Barnes,TOR,23,43,15,28,34.7,106.5,112.0,-5.4,28.6,2.12,22.4,4.1,17.9,10.9,10.6,48.3,52.6,25.9,101.76,13.8,3155,106.6,111.9,-5.3,22.2,4.6,20.1,12.3,10.5,26.9,101.78
Shake Milton,LAL,28,43,22,21,15.7,106.6,111.5,-4.9,19.5,2.84,25.9,3.3,8.9,6.1,9.1,53.5,57.2,15.9,99.35,8.3,1395,106.7,111.9,-5.3,25.8,3.8,10.0,6.9,9.1,16.5,99.16
Walker Kessler,UTA,23,43,11,32,30.4,111.7,117.8,-6.1,7.4,1.0,14.0,14.3,22.9,18.7,14.0,71.8,70.3,12.6,100.4,12.8,2734,110.8,117.1,-6.3,13.9,16.1,25.6,20.9,13.9,12.9,101.13
Brandon Boston,NOP,23,42,8,34,23.6,108.6,114.8,-6.2,14.0,1.77,16.3,2.6,10.7,6.5,9.2,50.0,53.5,19.9,99.87,8.5,2060,107.6,113.7,-6.1,16.4,3.0,12.4,7.4,9.2,20.2,100.85
CJ McCollum,NOP,33,42,11,31,33.4,111.4,118.7,-7.3,18.0,2.11,14.7,1.9,9.0,5.4,7.0,53.9,56.0,26.9,101.87,10.0,2980,110.1,117.3,-7.3,14.7,2.2,10.2,6.1,7.0,27.4,103.08
Caris LeVert,ATL,30,42,35,7,24.2,121.5,111.2,10.2,18.8,2.81,25.4,2.7,9.5,6.3,9.0,55.7,58.2,17.9,102.95,9.1,2184,121.1,110.3,10.8,25.4,3.0,10.9,7.1,9.0,18.3,103.54
Donovan Clingan,POR,20,42,17,25,16.3,107.1,111.4,-4.3,6.5,0.6,10.8,15.2,22.6,18.9,18.0,57.0,59.1,14.4,102.6,10.5,1463,105.9,110.8,-4.9,10.8,17.8,25.7,21.7,17.9,14.8,103.45
Draymond Green,GSW,34,42,23,19,28.5,115.2,110.1,5.1,25.2,2.3,35.3,3.5,15.8,9.7,15.4,51.0,53.4,15.0,101.77,8.6,2539,114.8,108.9,5.9,35.3,3.8,18.2,11.0,15.3,15.3,102.51
Jaden Hardy,DAL,22,42,23,19,15.3,109.0,109.5,-0.5,13.3,0.95,13.3,1.1,8.9,5.0,14.0,50.9,53.1,23.8,102.71,6.3,1373,109.1,109.8,-0.7,13.3,1.2,10.0,5.7,14.0,24.6,102.49
Jerami Grant,POR,30,42,19,23,32.4,106.7,113.7,-6.9,10.2,1.61,12.7,1.5,8.1,4.7,7.9,46.8,52.3,19.3,99.91,6.8,2829,105.2,112.8,-7.6,12.7,1.8,9.2,5.4,7.8,19.7,101.01
Kevin Durant,PHX,36,42,24,18,36.5,114.8,114.7,0.2,19.4,1.39,14.8,1.1,14.1,8.2,10.7,59.9,64.1,29.0,99.86,14.8,3188,114.4,114.1,0.3,14.7,1.3,15.9,9.2,10.6,29.6,100.29
Lauri Markkanen,UTA,27,42,8,34,32.1,112.4,118.0,-5.6,7.7,1.16,8.2,4.9,13.3,9.1,7.1,52.4,57.5,22.8,101.08,10.4,2837,111.2,118.1,-6.9,8.1,5.5,14.8,10.1,7.0,23.4,101.59
Zach Edey,MEM,22,42,26,16,20.4,116.4,107.9,8.4,5.8,0.64,9.5,14.6,19.6,17.2,14.7,60.3,62.2,16.2,105.07,11.4,1881,114.6,106.7,7.9,9.3,17.0,22.2,19.7,14.5,16.8,106.5
De'Andre Hunter,CLE,27,41,22,19,28.3,112.3,113.8,-1.5,7.8,0.95,8.1,2.2,10.8,6.4,8.5,56.8,62.2,23.0,105.67,10.0,2554,111.6,112.7,-1.0,8.1,2.5,12.4,7.4,8.5,23.6,106.49
DeAndre Jordan,DEN,36,41,29,12,11.8,108.6,110.0,-1.4,9.9,1.21,19.8,11.8,25.9,19.3,16.4,66.0,63.8,12.4,99.3,11.7,1005,108.2,108.3,-0.1,19.7,13.3,29.0,21.6,16.3,12.7,100.21
Jericho Sims,MIL,26,41,27,14,11.1,114.1,109.3,4.7,6.4,1.05,23.7,11.6,18.4,15.0,22.7,60.9,61.9,7.0,96.78,6.2,918,114.4,111.0,3.5,23.8,13.3,21.0,17.2,22.7,7.2,95.9
Oso Ighodaro,PHX,22,41,18,23,14.8,108.5,108.1,0.4,9.3,1.74,21.4,5.7,15.0,10.6,12.3,57.4,57.7,10.5,100.09,7.0,1259,109.9,107.9,2.0,21.4,6.4,17.1,11.9,12.3,10.9,99.52
Talen Horton-Tucker,CHI,24,41,13,28,11.4,110.2,110.4,-0.1,16.4,2.04,18.3,2.8,10.5,6.8,9.0,53.2,56.3,20.3,106.18,9.1,1035,110.6,110.0,0.6,18.2,3.2,12.0,7.7,9.0,21.0,106.22
Terance Mann,ATL,28,41,23,18,19.7,107.7,112.7,-5.0,12.0,2.52,20.9,4.2,10.1,7.1,8.3,52.1,53.9,13.3,99.85,6.5,1678,107.1,112.7,-5.5,21.0,4.8,11.5,8.0,8.3,13.6,100.12
Tidjane Salaün,CHA,19,41,10,31,19.1,97.3,108.1,-10.8,8.8,1.19,13.3,5.3,16.6,10.6,11.1,39.3,43.2,14.9,98.65,6.2,1606,96.3,107.9,-11.5,13.4,6.1,19.0,12.2,11.2,15.2,99.27
Ziaire Williams,BKN,23,41,17,24,23.8,107.3,114.8,-7.5,9.6,1.43,12.9,4.3,16.6,10.1,9.0,47.8,52.9,18.0,97.22,8.2,1967,106.1,112.9,-6.9,12.9,4.9,19.1,11.6,9.0,18.3,98.59
Aaron Holiday,HOU,28,40,24,16,12.4,105.9,100.1,5.8,14.5,2.55,20.9,1.4,7.0,4.2,8.2,52.8,56.3,15.6,102.7,7.8,1048,105.5,101.6,4.0,20.9,1.6,8.1,4.9,8.2,16.1,102.15
Ben Sheppard,IND,23,40,25,15,20.3,113.1,112.5,0.6,7.3,4.0,17.8,3.1,8.5,5.8,4.5,55.7,57.4,11.2,102.86,5.3,1745,113.7,112.2,1.5,17.8,3.5,9.5,6.5,4.4,11.7,102.69
Cameron Johnson,BKN,28,40,17,23,31.8,110.3,115.4,-5.1,15.4,1.81,15.4,2.6,10.8,6.6,8.5,60.9,65.3,21.8,97.12,12.6,2575,107.9,113.8,-5.9,15.2,3.0,12.4,7.6,8.4,22.4,98.87
Deandre Ayton,POR,26,40,17,23,30.1,110.0,116.8,-6.9,8.3,0.93,10.2,9.9,24.3,16.8,11.0,57.3,58.3,19.7,98.94,12.5,2489,108.3,115.7,-7.4,10.2,11.1,26.7,18.7,11.0,20.0,100.18
Donte DiVincenzo,MIN,28,40,21,19,26.4,110.5,109.2,1.3,20.1,2.03,23.6,2.1,10.8,6.6,11.6,53.5,55.7,18.6,99.61,9.4,2193,109.9,107.2,2.6,23.6,2.4,12.3,7.5,11.6,19.1,100.83
Drew Eubanks,LAC,28,40,9,31,14.9,106.0,115.7,-9.7,11.4,1.45,17.7,7.2,20.7,14.1,12.2,62.6,63.9,14.5,103.39,11.5,1281,105.8,115.4,-9.6,17.9,8.5,23.6,16.3,12.3,14.8,103.62
Lindy Waters III,DET,27,40,19,21,16.7,108.9,110.4,-1.5,8.9,2.53,15.8,2.2,11.9,6.8,6.2,48.1,48.9,14.3,99.73,5.6,1385,107.7,109.7,-2.0,15.7,2.5,13.5,7.7,6.2,14.7,100.57
Miles Bridges,CHA,26,40,11,29,32.2,109.4,112.5,-3.1,19.1,1.9,15.5,3.2,19.5,11.2,8.2,49.8,54.3,26.5,100.53,13.8,2690,107.6,111.3,-3.8,15.4,3.6,21.9,12.7,8.1,27.0,101.91
Monté Morris,PHX,29,40,20,20,13.0,111.4,107.5,3.9,18.4,3.88,24.2,1.9,8.2,5.2,6.2,46.8,51.4,16.5,99.7,8.8,1090,112.3,107.5,4.8,24.3,2.2,9.7,6.1,6.3,17.2,99.29
Reed Sheppard,HOU,20,40,24,16,11.6,109.4,107.4,2.0,12.4,1.87,18.4,3.0,7.4,5.2,9.8,39.3,41.0,16.1,103.83,4.6,1001,107.9,107.8,0.1,18.3,3.4,8.4,5.9,9.8,16.5,104.39
Trey Murphy III,NOP,24,40,9,31,35.7,108.7,118.1,-9.3,16.4,2.1,15.6,2.2,12.0,6.9,7.4,55.9,61.1,22.9,102.73,11.7,3053,108.5,116.7,-8.2,15.5,2.4,13.7,7.8,7.4,23.6,103.45
Cody Martin,PHX,29,39,11,28,24.8,109.1,110.7,-1.6,13.2,2.12,21.0,3.7,13.0,8.3,9.9,50.7,52.8,14.1,100.89,8.4,2023,107.8,109.8,-2.1,21.2,4.3,14.8,9.5,10.0,14.3,101.88
Devin Vassell,SAS,24,39,16,23,30.4,110.3,117.2,-6.9,14.0,1.91,14.9,1.8,8.7,5.3,7.8,51.2,53.3,22.0,101.0,8.4,2491,109.8,115.6,-5.8,14.8,2.0,9.8,5.9,7.7,22.6,101.92
Dorian Finney-Smith,LAL,31,39,19,20,27.4,117.9,108.8,9.1,7.1,1.56,15.2,5.0,9.4,7.3,9.8,61.4,62.2,12.7,98.61,6.6,2188,116.2,107.9,8.3,15.2,5.8,10.8,8.4,9.8,13.0,99.74
Eric Gordon,PHI,36,39,12,27,19.7,111.0,116.4,-5.4,11.8,2.32,20.5,1.1,5.2,3.1,8.8,56.4,59.1,14.0,99.62,6.7,1601,110.8,115.2,-4.5,20.4,1.2,6.1,3.6,8.8,14.4,100.21
Hunter Tyson,DEN,24,39,26,13,7.7,98.2,109.5,-11.3,6.6,1.08,12.7,3.9,14.2,8.9,11.8,47.9,51.8,12.6,106.41,5.0,658,98.9,111.0,-12.2,12.8,4.5,16.3,10.3,11.9,13.1,105.28
Jabari Walker,POR,22,39,14,25,10.5,106.9,109.6,-2.7,6.7,0.9,11.2,6.5,21.1,13.4,12.4,51.7,54.1,14.5,103.52,9.0,881,105.6,111.2,-5.7,11.2,7.6,24.1,15.4,12.3,15.0,103.46
Jamison Battle,TOR,23,39,11,28,12.6,103.7,115.3,-11.6,10.1,2.75,15.5,4.0,10.3,7.0,5.6,62.0,63.3,14.9,100.58,8.6,1032,103.4,115.4,-12.0,15.4,4.6,12.0,8.1,5.6,15.5,100.65
Kel'el Ware,MIA,20,39,18,21,19.1,111.1,110.1,1.0,6.1,0.94,8.8,8.1,20.8,15.0,9.4,57.7,59.3,18.2,98.76,11.8,1533,110.8,109.6,1.3,8.8,9.0,23.2,16.7,9.4,18.6,99.12
Kyle Anderson,MIA,31,39,20,19,15.1,101.7,107.7,-6.0,22.2,4.14,28.2,5.1,14.4,9.6,6.8,49.2,50.9,15.2,101.4,11.0,1247,101.1,106.4,-5.3,28.0,5.9,16.8,11.1,6.8,15.8,102.31
Steven Adams,HOU,31,39,24,15,12.4,112.1,107.8,4.3,11.2,1.14,19.2,17.9,19.5,18.7,16.8,52.9,52.4,13.2,100.09,10.7,1008,108.6,108.7,-0.1,19.3,22.1,22.6,22.3,16.9,13.6,101.31
Vít Krejčí,ATL,24,39,18,21,20.8,106.6,110.1,-3.5,18.1,3.0,28.5,1.7,11.3,6.4,9.5,57.7,58.7,13.5,103.31,7.7,1737,106.1,110.2,-4.1,28.5,1.9,12.6,7.1,9.5,13.7,103.52
Adem Bona,PHI,21,38,10,28,10.8,109.8,113.7,-3.9,3.7,0.44,9.7,9.1,16.0,12.5,22.1,69.5,70.2,10.6,98.08,6.0,843,111.1,114.1,-3.0,9.6,10.4,18.0,14.2,21.9,11.1,97.36
Alex Len,LAL,31,38,19,19,7.6,102.1,116.5,-14.4,15.8,2.91,33.7,8.7,15.0,11.8,11.6,53.3,54.1,9.1,102.01,7.2,612,105.7,117.9,-12.2,33.8,9.7,17.6,13.5,11.6,9.6,99.65
Andrew Nembhard,IND,25,38,25,13,28.4,113.2,108.7,4.5,23.0,2.82,30.3,1.9,9.3,5.7,10.8,51.3,55.7,17.0,101.25,8.6,2276,113.3,107.9,5.4,30.5,2.1,10.4,6.4,10.8,17.3,101.6
Bradley Beal,PHX,31,38,17,21,32.4,110.6,117.4,-6.8,17.2,1.75,17.5,2.3,8.5,5.6,10.0,57.1,60.1,22.2,100.12,9.4,2573,111.9,117.2,-5.3,17.5,2.6,9.6,6.3,10.0,22.8,99.57
Daniel Theis,NOP,32,38,10,28,16.3,109.3,115.2,-5.9,13.1,2.4,26.0,6.2,19.2,12.2,10.8,50.8,55.8,11.1,102.26,8.1,1331,108.2,114.1,-5.9,26.1,7.0,22.0,14.0,10.9,11.4,103.26
Franz Wagner,ORL,23,38,21,17,33.2,110.4,104.9,5.5,26.7,2.14,16.7,2.9,14.7,8.6,7.8,51.6,56.9,31.7,97.91,16.3,2569,108.8,103.7,5.1,16.7,3.3,16.9,9.9,7.8,32.1,99.22
Johnny Juzang,UTA,23,38,11,27,17.6,106.9,117.4,-10.5,8.5,1.95,12.3,3.4,11.5,7.4,6.3,56.5,58.6,16.8,100.48,7.1,1392,104.9,117.0,-12.1,12.3,3.9,13.4,8.5,6.3,17.1,101.61
Jordan Hawkins,NOP,22,38,11,27,22.9,104.9,117.2,-12.3,7.3,1.28,8.7,1.3,8.9,5.0,6.8,45.7,49.5,20.2,101.92,6.7,1853,103.9,116.1,-12.2,8.6,1.5,10.3,5.7,6.7,20.9,102.88
Jordan Walsh,BOS,20,38,28,10,7.5,115.8,104.4,11.4,5.0,1.22,13.6,4.5,9.2,6.9,11.1,45.5,47.3,10.4,98.22,4.2,582,116.7,104.9,11.8,13.5,5.5,10.8,8.3,11.1,10.9,97.65
Kyle Kuzma,MIL,29,38,8,30,28.7,99.5,116.8,-17.3,14.8,1.06,12.2,2.6,17.6,9.8,11.6,47.0,49.2,25.3,104.29,8.6,2379,98.8,116.3,-17.5,12.2,3.0,19.6,11.0,11.6,25.9,104.87
Ryan Rollins,MIL,22,38,19,19,12.8,110.4,103.5,6.9,14.6,1.55,19.8,3.3,8.8,6.2,12.8,52.4,55.0,17.7,103.72,7.7,1050,111.0,103.8,7.1,19.7,3.7,10.0,7.1,12.8,18.3,103.27
Thomas Bryant,IND,27,38,25,13,15.2,114.7,111.2,3.5,10.5,2.93,16.9,9.9,17.0,13.6,5.8,60.6,63.5,15.4,101.71,12.3,1234,117.1,110.3,6.8,16.7,11.0,19.3,15.2,5.7,16.4,101.08
Zach Collins,CHI,27,38,17,21,11.9,106.8,114.2,-7.3,17.7,2.39,23.6,8.0,14.3,11.0,9.9,50.4,56.1,16.2,101.29,8.5,949,105.6,113.3,-7.7,23.6,8.9,16.1,12.4,9.9,16.5,102.3
Anthony Gill,WAS,32,37,5,32,5.6,103.1,110.0,-7.0,4.5,1.17,10.1,2.6,10.5,6.4,8.7,55.7,58.6,11.8,105.12,5.9,455,103.7,113.5,-9.8,10.1,3.0,12.1,7.5,8.7,12.4,103.24
Caleb Houstan,ORL,22,37,16,21,11.8,100.7,110.5,-9.8,5.2,3.0,11.5,2.6,6.0,4.1,3.8,46.2,48.7,11.3,96.46,3.1,877,98.8,110.5,-11.7,11.6,3.0,6.8,4.7,3.9,11.5,97.39
Ja'Kobe Walter,TOR,20,37,11,26,19.5,108.7,114.6,-5.9,10.2,1.65,14.2,3.8,8.9,6.3,8.7,48.6,51.1,17.7,100.95,5.9,1510,108.3,115.5,-7.3,14.2,4.3,10.0,7.1,8.6,18.3,100.76
Jae'Sean Tate,HOU,29,37,26,11,11.7,107.9,102.7,5.2,10.7,1.94,18.5,6.5,10.5,8.4,9.6,50.5,53.9,13.0,102.0,6.6,911,106.7,103.0,3.7,18.5,7.8,12.4,9.9,9.5,13.5,102.42
Jaylon Tyson,CLE,22,37,30,7,9.5,111.3,111.1,0.2,13.1,1.84,22.2,8.0,12.5,10.3,12.0,53.1,55.8,14.1,101.0,7.2,742,111.2,110.0,1.2,22.2,9.5,14.0,11.9,12.0,14.4,101.54
John Collins,UTA,27,37,11,26,30.6,112.3,114.0,-1.6,10.8,0.79,10.9,7.0,17.9,12.7,13.7,58.3,63.1,22.7,101.8,12.7,2402,111.6,113.6,-2.1,10.8,8.0,20.2,14.4,13.6,23.3,102.29
Noah Clowney,BKN,20,37,9,28,23.0,102.3,117.0,-14.7,5.9,0.79,7.6,3.7,13.7,8.3,9.6,49.8,53.6,18.1,97.9,6.3,1736,100.2,116.4,-16.2,7.6,4.2,15.6,9.5,9.7,18.5,99.16
Rayan Rupert,POR,20,37,14,23,7.9,101.7,113.8,-12.0,8.1,0.94,13.3,6.1,7.9,6.9,14.2,46.8,50.0,13.7,105.31,4.7,642,100.2,115.2,-15.0,13.3,7.3,9.1,8.1,14.2,14.1,105.46
Tari Eason,HOU,23,37,22,15,24.2,114.8,108.8,6.0,7.0,1.26,9.6,7.9,15.6,11.6,7.7,53.8,56.6,17.9,102.23,11.9,1903,113.1,107.5,5.7,9.7,9.4,18.4,13.8,7.7,18.4,103.58
Tyrese Martin,BKN,25,37,11,26,20.9,99.4,110.7,-11.4,13.3,1.34,16.3,4.2,14.7,9.0,12.1,50.2,51.7,17.5,98.89,7.9,1596,99.7,111.3,-11.6,16.3,4.8,16.4,10.2,12.2,18.1,98.46
Cam Whitmore,HOU,20,36,21,15,17.5,112.7,106.6,6.1,7.9,0.91,7.9,3.6,13.8,8.5,8.6,48.7,51.2,23.4,99.71,10.1,1302,109.8,106.7,3.1,7.9,4.3,15.8,9.9,8.6,23.9,100.94
Dean Wade,CLE,28,36,31,5,22.6,120.3,109.2,11.1,8.2,4.75,22.1,4.3,17.1,10.8,4.7,55.2,55.5,10.3,102.45,7.2,1738,120.7,107.2,13.5,21.8,4.8,19.2,12.1,4.6,10.7,103.21
Dillon Jones,OKC,23,36,30,6,9.0,102.2,102.7,-0.5,16.7,2.64,25.2,6.2,14.7,10.3,9.5,39.1,41.2,14.0,99.1,6.1,676,102.1,101.9,0.2,25.2,7.0,17.1,11.8,9.5,14.5,99.52
Jalen Johnson,ATL,23,36,18,18,35.7,111.8,110.2,1.6,20.3,1.71,20.5,4.6,21.6,13.2,12.0,54.1,56.9,21.4,106.68,13.5,2858,111.3,110.1,1.2,20.5,5.2,24.5,14.9,12.0,22.0,106.98
Jared Butler,PHI,24,36,3,33,11.6,106.2,111.3,-5.1,37.1,2.82,27.2,3.3,7.3,5.2,9.6,50.7,54.6,24.7,102.83,12.1,891,104.8,112.7,-7.9,26.7,3.8,8.3,6.0,9.5,25.9,102.87
Justin Champagnie,WAS,23,36,7,29,18.2,107.0,114.4,-7.3,6.9,1.0,10.8,7.2,14.5,10.8,10.8,60.8,61.8,15.5,104.84,9.6,1425,107.3,113.8,-6.4,10.8,8.0,16.4,12.2,10.8,16.0,104.95
Nick Richards,PHX,27,36,10,26,21.6,109.3,117.3,-7.9,7.1,0.67,10.4,11.4,25.1,18.4,15.7,56.6,61.8,16.6,99.22,11.2,1605,108.2,117.3,-9.1,10.5,13.1,27.3,20.5,15.7,16.8,99.74
Paul George,PHI,34,36,14,22,32.0,107.6,111.3,-3.8,22.4,1.73,20.1,1.7,15.1,8.2,11.6,51.3,54.2,23.6,98.81,10.7,2381,107.5,109.6,-2.2,20.0,1.9,17.1,9.2,11.6,24.2,99.62
Pelle Larsson,MIA,23,36,15,21,12.6,107.5,104.5,3.0,9.8,2.38,18.9,3.0,8.1,5.6,7.9,53.8,56.4,12.7,99.46,4.8,933,108.1,104.3,3.8,18.8,3.4,9.1,6.3,7.9,13.2,99.28
Vasilije Micić,PHX,31,36,7,29,21.2,101.6,109.4,-7.7,26.7,1.72,25.9,2.4,8.5,5.3,15.1,43.0,46.2,20.4,97.01,6.4,1540,100.5,108.3,-7.8,25.8,2.7,9.5,6.0,15.0,20.8,98.06
Ben Simmons,LAC,28,35,14,21,24.9,110.2,114.4,-4.1,40.0,2.72,46.1,3.7,19.0,11.2,17.0,56.2,58.1,14.1,97.43,11.4,1767,109.1,113.3,-4.3,46.1,4.2,21.6,12.7,17.0,14.4,98.4
Craig Porter Jr.,CLE,24,35,29,6,9.3,113.9,113.8,0.1,18.5,2.19,30.3,3.5,8.5,6.3,13.8,66.3,67.7,13.8,100.45,9.5,682,114.3,112.2,2.1,30.1,3.9,9.7,7.1,13.8,14.3,101.0
Isaiah Hartenstein,OKC,26,35,31,4,28.9,117.3,101.8,15.5,17.6,2.12,25.6,11.1,27.6,19.7,12.1,56.0,57.8,16.5,101.23,14.3,2124,116.1,101.8,14.2,25.7,12.6,30.8,22.2,12.1,16.7,101.78
Jalen Suggs,ORL,23,35,20,15,28.6,105.7,104.8,1.0,21.6,1.26,17.0,2.3,12.6,7.2,13.5,48.9,53.6,26.8,99.02,10.7,2060,104.3,103.3,1.0,17.0,2.6,14.7,8.3,13.4,27.4,100.42
Jeremy Sochan,SAS,21,35,14,21,26.2,110.7,112.0,-1.3,14.4,1.53,18.5,8.7,16.0,12.5,12.0,57.6,60.2,17.8,101.08,10.8,1928,110.3,111.2,-0.9,18.4,9.8,18.0,14.0,12.0,18.2,101.61
Johnny Furphy,IND,20,35,19,16,7.0,105.5,112.5,-6.9,5.2,1.11,12.5,7.4,9.7,8.6,11.3,46.5,50.9,11.4,105.17,4.5,543,108.2,113.4,-5.2,12.5,8.8,11.6,10.2,11.3,12.1,103.42
Nick Smith Jr.,CHA,20,35,9,26,19.4,105.0,114.2,-9.2,15.3,1.71,16.8,0.8,8.4,4.6,9.8,49.5,50.7,19.9,99.82,6.8,1413,104.2,113.6,-9.4,16.8,0.9,9.4,5.2,9.8,20.4,100.41
Precious Achiuwa,NYK,25,35,24,11,22.8,114.1,115.4,-1.3,6.1,1.32,12.9,9.4,18.1,13.7,9.8,55.5,56.8,12.9,100.72,9.2,1666,114.7,115.7,-1.1,12.9,10.6,20.7,15.5,9.8,13.3,100.31
Zeke Nnaji,DEN,24,35,26,9,8.5,102.9,106.2,-3.3,4.3,1.5,9.0,4.5,10.3,7.6,6.0,53.8,55.0,12.9,101.76,6.7,627,103.5,107.2,-3.7,9.0,5.0,11.8,8.5,6.0,13.2,100.96
Ajay Mitchell,OKC,22,34,29,5,16.5,109.1,100.0,9.1,14.6,2.04,21.6,2.8,8.6,5.6,10.6,57.2,60.4,15.5,100.46,8.6,1178,108.7,100.3,8.4,21.5,3.2,9.7,6.4,10.5,16.0,100.51
Alex Caruso,OKC,30,34,28,6,19.0,116.4,98.5,17.9,18.0,4.29,29.3,3.4,10.0,6.7,6.8,51.1,52.5,13.8,102.15,9.3,1370,115.9,98.3,17.6,29.3,3.8,11.6,7.7,6.8,14.2,102.43
Ausar Thompson,DET,22,34,20,14,21.0,111.1,107.2,3.9,14.4,1.63,18.8,8.1,15.3,11.7,11.5,55.3,56.9,18.3,103.24,10.4,1528,110.9,106.2,4.7,18.8,9.3,17.5,13.4,11.5,18.8,103.78
Ja Morant,MEM,25,34,23,11,28.9,116.4,107.5,8.9,36.1,1.87,24.6,2.1,10.8,6.6,13.1,48.7,54.8,30.0,106.48,13.7,2184,114.9,106.7,8.1,24.5,2.4,12.2,7.5,13.1,30.7,107.56
Jabari Smith Jr.,HOU,21,34,23,11,31.1,111.5,105.8,5.7,4.6,1.0,8.2,4.9,14.9,9.7,8.2,53.1,57.3,15.0,99.79,8.8,2199,108.6,105.0,3.6,8.2,5.7,16.8,11.1,8.2,15.3,101.47
Johnny Davis,WAS,22,34,4,30,7.1,104.7,107.2,-2.5,6.4,1.57,10.7,3.6,10.4,6.9,6.8,45.5,47.3,15.0,106.66,6.7,531,103.7,109.1,-5.4,10.7,4.2,12.4,8.2,6.8,15.4,106.23
LaMelo Ball,CHA,23,34,13,21,32.7,113.1,114.8,-1.7,38.7,2.02,20.2,2.5,12.7,7.3,10.0,50.7,54.7,35.3,101.3,14.0,2344,110.7,114.6,-3.9,20.2,2.9,14.3,8.4,10.0,36.0,102.51
Maxi Kleber,LAL,33,34,18,16,18.7,111.9,112.3,-0.4,8.7,1.87,25.0,4.0,10.5,7.3,13.4,45.3,48.9,8.5,101.75,3.5,1345,112.8,112.8,0.0,25.1,4.5,12.3,8.4,13.4,8.8,101.11
Sandro Mamukelashvili,SAS,25,34,14,20,8.5,108.5,104.0,4.4,9.5,1.38,12.2,7.2,20.0,13.8,8.8,67.3,68.6,18.7,103.24,13.8,614,110.2,107.0,3.2,12.3,8.0,22.1,15.3,8.9,19.3,101.02
Aaron Gordon,DEN,29,33,23,10,26.7,124.0,112.0,12.1,14.3,2.63,22.2,6.3,11.4,9.0,8.5,57.3,61.9,17.1,102.17,9.7,1877,122.3,111.7,10.6,22.2,7.1,12.8,10.2,8.5,17.4,103.03
Blake Wesley,SAS,21,33,15,18,8.8,108.9,104.5,4.4,28.0,2.14,32.8,2.3,5.3,3.9,15.3,49.4,53.1,18.1,102.3,8.1,617,111.0,106.3,4.7,32.9,2.5,5.9,4.4,15.4,18.6,100.45
Charles Bassey,SAS,24,33,14,19,10.8,101.0,117.4,-16.4,7.3,0.7,9.6,13.5,24.5,18.8,13.9,58.4,60.0,16.7,105.28,11.7,784,103.6,116.2,-12.6,9.6,14.7,27.5,20.8,13.8,17.5,104.51
Day'Ron Sharpe,BKN,23,33,11,22,17.4,107.9,105.2,2.7,14.7,1.18,15.7,15.7,19.6,17.6,13.4,52.8,56.2,20.2,97.91,13.5,1181,106.5,105.6,0.9,15.7,18.7,22.2,20.4,13.3,20.9,98.32
Dwight Powell,DAL,33,33,18,15,7.6,107.9,100.7,7.2,12.0,3.29,37.7,8.7,14.3,11.5,11.5,80.6,78.5,6.2,104.1,8.4,541,109.4,103.6,5.8,37.6,10.0,16.2,13.2,11.4,6.5,101.98
Jaxson Hayes,LAL,24,33,21,12,18.0,111.9,108.2,3.7,8.4,1.64,18.4,7.6,15.1,11.6,11.2,69.8,71.8,11.4,100.79,9.8,1250,111.6,106.2,5.4,18.5,8.8,17.4,13.3,11.3,11.7,101.87
Josh Minott,MIN,22,33,21,12,6.8,103.4,107.8,-4.3,9.0,1.75,14.3,3.9,11.1,7.7,8.2,50.0,53.4,15.1,105.23,7.6,493,105.7,107.3,-1.6,14.2,4.4,12.3,8.6,8.1,16.0,104.35
Kyle Lowry,PHI,38,33,14,19,18.9,104.0,109.0,-5.0,21.3,4.65,38.8,1.7,8.8,5.1,8.3,47.7,53.0,10.1,99.3,6.8,1293,104.3,108.4,-4.1,39.0,1.9,10.2,5.9,8.4,10.3,99.46
Dereck Lively II,DAL,21,32,19,13,24.0,114.5,106.4,8.1,15.4,2.15,25.4,12.5,18.4,15.5,11.8,70.1,70.4,13.3,100.57,12.7,1607,114.5,106.4,8.2,25.4,14.1,20.6,17.4,11.8,13.6,100.58
Jonathan Kuminga,GSW,22,32,18,14,26.0,109.7,108.1,1.6,13.8,1.4,11.2,4.8,13.0,8.8,8.0,50.6,53.9,27.5,101.08,11.2,1746,109.1,106.6,2.6,11.3,5.4,15.1,10.1,8.1,27.7,102.04
Jose Alvarado,NOP,26,32,11,21,23.4,109.1,116.0,-6.9,27.3,3.81,30.8,2.0,7.1,4.5,8.1,54.2,56.4,17.7,101.12,9.4,1578,108.2,114.7,-6.5,30.7,2.3,8.1,5.1,8.0,18.2,102.13
Josh Okogie,CHA,26,32,11,21,15.6,111.4,108.6,2.8,7.3,0.96,10.1,7.6,11.2,9.3,10.5,54.8,58.1,17.5,98.32,10.3,1021,110.9,108.3,2.6,10.1,8.9,12.9,10.8,10.5,18.2,98.65
Malaki Branham,SAS,21,32,14,18,9.1,98.1,110.4,-12.3,14.4,0.93,14.6,1.0,9.5,5.4,15.7,52.6,55.7,21.8,103.17,7.7,627,99.1,110.3,-11.1,14.6,1.1,10.8,6.2,15.7,22.5,102.7
Rob Dillingham,MIN,20,32,17,15,12.6,111.8,112.9,-1.1,28.9,1.88,26.1,1.9,7.1,4.4,13.9,51.7,51.9,22.0,101.78,8.1,856,112.5,113.5,-0.9,26.1,2.1,8.1,5.1,13.9,22.9,101.22
Tre Jones,CHI,25,32,13,19,16.1,109.3,110.3,-1.0,29.5,5.0,42.0,3.0,8.5,5.7,8.4,52.2,57.4,12.0,103.69,9.7,1112,109.0,110.5,-1.5,41.7,3.4,9.8,6.6,8.3,12.4,103.71
Andre Drummond,PHI,31,31,10,21,18.5,102.8,114.8,-12.0,5.4,0.42,7.5,12.6,30.0,20.6,18.0,51.5,53.2,17.9,99.03,10.5,1180,102.5,114.8,-12.3,7.5,14.0,33.6,23.0,18.0,18.5,99.21
Caleb Martin,DAL,29,31,12,19,30.4,106.4,112.8,-6.4,11.1,1.6,18.3,4.4,10.4,7.2,11.4,50.6,53.1,14.2,97.74,6.6,1921,106.1,111.6,-5.5,18.3,4.9,12.0,8.3,11.4,14.5,98.42
Cam Reddish,LAL,25,31,15,16,18.1,108.8,115.0,-6.2,5.1,1.83,16.8,2.7,8.1,5.5,9.2,50.6,52.9,8.3,100.73,4.2,1181,110.8,112.7,-1.9,16.7,3.0,9.4,6.2,9.1,8.7,100.89
Cory Joseph,ORL,33,31,14,17,7.3,99.2,105.2,-6.0,16.9,2.18,24.5,2.3,7.5,4.7,11.2,48.4,48.6,13.4,101.73,5.8,480,99.3,108.5,-9.3,24.5,2.8,8.6,5.6,11.3,13.9,100.1
Dejounte Murray,NOP,28,31,9,22,32.6,109.0,118.1,-9.1,34.7,2.15,25.9,1.5,18.3,9.4,12.0,44.5,49.4,26.3,102.86,11.8,2165,107.4,117.0,-9.6,25.8,1.7,20.4,10.5,12.0,26.8,104.11
Doug McDermott,SAC,33,31,16,15,8.4,113.9,113.1,0.8,2.1,0.8,4.2,0.8,5.7,3.2,5.2,60.6,60.8,14.5,101.3,4.2,555,117.0,114.4,2.6,4.2,0.9,6.4,3.7,5.2,15.4,99.33
Gui Santos,GSW,22,31,17,14,12.5,114.3,106.2,8.0,12.3,1.76,23.9,7.6,13.0,10.1,13.5,58.1,60.3,12.2,100.87,6.9,814,112.9,106.8,6.2,24.0,8.7,15.0,11.7,13.6,12.4,101.2
Jordan Clarkson,UTA,32,31,9,22,26.5,107.9,119.0,-11.0,24.0,1.87,18.0,2.5,9.6,6.0,9.6,50.7,55.1,26.7,101.8,10.9,1739,106.5,118.4,-11.9,17.9,2.9,10.9,6.9,9.5,27.5,102.73
Lonzo Ball,CHI,27,31,14,17,21.8,112.8,108.5,4.3,19.9,2.92,29.6,2.7,11.2,7.0,10.1,49.8,51.9,15.2,106.05,8.0,1500,114.1,107.4,6.7,29.6,3.0,12.6,7.9,10.1,15.8,105.97
Pat Connaughton,MIL,32,31,12,19,14.8,110.2,113.9,-3.7,14.7,2.68,26.3,3.6,13.3,8.5,9.8,51.7,53.9,13.3,98.67,7.5,953,110.6,112.8,-2.1,26.4,4.0,14.9,9.6,9.8,13.6,98.94
Paul Reed,DET,25,31,14,17,9.6,111.5,105.5,6.0,14.0,2.0,19.1,9.1,18.6,13.7,9.6,56.1,60.5,17.7,102.13,12.8,633,111.7,105.9,5.8,19.3,10.6,20.9,15.6,9.6,18.0,101.85
Reggie Jackson,PHI,34,31,11,20,12.4,108.3,111.8,-3.5,17.2,2.65,22.6,2.0,9.3,5.5,8.5,48.5,49.6,17.0,98.88,6.7,795,110.9,111.8,-0.9,22.6,2.3,10.7,6.3,8.5,18.0,97.71
Alec Burks,MIA,33,30,15,15,17.0,110.8,105.4,5.5,9.3,3.0,17.0,2.3,12.0,7.3,5.7,58.2,61.4,13.8,98.54,9.2,1043,110.4,104.3,6.1,16.9,2.6,13.5,8.2,5.6,14.1,99.24
Cody Williams,UTA,20,30,6,24,20.3,101.9,119.9,-18.0,8.7,1.37,17.9,2.5,6.9,4.8,13.0,36.2,40.3,11.6,102.01,1.8,1298,102.2,119.2,-16.9,17.9,2.9,7.8,5.5,13.1,11.9,102.2
Isaac Okoro,CLE,24,30,26,4,19.5,124.4,110.3,14.0,9.5,3.69,22.5,4.4,6.5,5.5,6.1,54.6,56.6,11.9,100.83,5.1,1226,124.2,107.9,16.3,22.5,4.8,7.4,6.2,6.1,12.1,102.08
Jaden Ivey,DET,23,30,14,16,29.9,110.5,114.6,-4.1,20.7,1.34,17.7,4.3,9.1,6.7,13.2,53.6,56.9,25.6,99.52,9.9,1868,109.9,114.0,-4.1,17.7,5.0,10.2,7.6,13.2,26.3,100.05
Jimmy Butler III,GSW,35,30,17,13,30.9,117.1,113.1,4.1,24.1,4.23,24.7,7.8,9.8,8.8,5.8,54.4,62.8,20.6,98.12,14.0,1899,116.2,112.9,3.3,24.5,8.8,10.9,9.8,5.8,21.4,98.6
John Konchar,MEM,28,30,20,10,12.6,110.1,109.7,0.4,9.9,2.9,27.1,6.2,18.5,12.4,9.3,53.8,55.4,7.9,106.88,8.8,842,109.8,107.5,2.3,26.9,7.0,21.3,14.2,9.3,8.2,108.1
Jordan McLaughlin,SAS,28,30,14,16,6.5,112.9,110.3,2.6,18.3,2.36,29.2,2.3,8.8,5.7,12.4,47.7,51.9,14.3,98.43,6.4,395,113.8,111.1,2.7,29.5,2.6,10.3,6.6,12.5,14.6,97.7
Jordan Miller,LAC,25,30,16,14,12.4,104.5,107.5,-3.0,13.8,1.5,16.8,5.7,8.1,6.9,11.2,46.0,50.5,18.3,100.55,7.5,773,103.5,107.7,-4.1,16.9,6.5,9.4,7.9,11.3,18.7,100.96
Kristaps Porziņģis,BOS,29,30,19,11,28.9,114.9,111.6,3.3,10.6,1.69,10.4,5.2,17.0,11.2,6.2,56.8,61.6,24.8,100.71,13.2,1826,114.0,110.7,3.3,10.4,5.8,18.9,12.4,6.2,25.2,101.49
Moritz Wagner,ORL,27,30,18,12,18.8,106.1,107.0,-0.9,13.5,0.86,10.9,6.7,20.1,13.1,12.7,61.6,64.9,25.4,99.97,16.5,1172,103.8,106.3,-2.5,10.8,8.0,24.1,15.7,12.6,26.1,101.34
Ousmane Dieng,OKC,21,30,24,6,11.1,104.3,100.4,3.9,11.5,1.87,18.1,4.2,14.7,9.4,9.7,48.1,50.0,15.5,102.55,8.6,713,104.5,98.8,5.7,18.1,4.9,17.3,10.9,9.7,16.0,103.31
Tristan Thompson,CLE,33,30,25,5,7.6,100.6,111.5,-10.9,13.0,1.82,22.2,7.5,26.3,17.0,12.2,42.9,40.0,12.8,99.02,7.4,470,102.0,110.2,-8.2,22.3,8.6,30.4,19.6,12.3,13.2,98.95
Christian Koloko,LAL,24,29,19,10,8.5,106.1,110.0,-3.9,6.7,1.71,18.2,10.6,15.5,12.9,10.6,65.1,67.7,9.1,101.54,8.1,523,108.6,110.6,-2.1,18.3,12.0,18.3,14.9,10.7,9.4,100.12
Delon Wright,NYK,32,29,15,14,14.4,102.7,101.1,1.6,15.9,3.57,31.6,3.4,7.1,5.3,8.9,34.5,37.2,11.1,100.38,5.4,874,104.0,101.8,2.2,31.9,3.8,7.8,5.9,8.9,11.3,99.42
Gary Harris,ORL,30,29,16,13,15.7,108.3,103.8,4.5,4.6,1.25,12.8,2.8,4.9,3.8,10.3,52.3,53.1,9.2,99.63,3.9,944,106.4,104.1,2.2,12.7,3.2,5.5,4.3,10.1,9.6,100.35
Tyler Kolek,NYK,23,29,19,10,5.1,95.4,100.6,-5.3,22.9,2.44,27.2,1.3,7.3,4.6,11.1,50.0,53.4,16.4,104.91,8.3,324,101.4,101.2,0.2,27.3,1.5,8.2,5.1,11.2,17.6,101.51
David Roddy,PHI,23,28,9,19,12.9,105.8,113.5,-7.7,12.5,1.6,19.8,3.0,17.8,10.3,12.3,54.0,57.4,14.9,104.59,9.0,782,106.2,113.5,-7.3,19.8,3.3,20.3,11.6,12.4,15.3,104.33
Jusuf Nurkić,CHA,30,28,14,14,23.0,108.9,114.0,-5.1,13.5,1.02,18.4,7.9,31.0,19.6,18.1,49.7,54.3,18.3,100.3,10.2,1352,109.5,114.8,-5.3,18.4,8.7,33.9,21.4,18.1,18.8,99.63
Kai Jones,LAC,24,28,15,13,7.4,101.2,105.0,-3.8,7.7,1.0,16.4,7.1,13.8,10.6,16.4,72.2,73.9,10.4,98.78,9.8,432,101.8,105.0,-3.2,16.3,8.1,15.6,11.9,16.3,10.8,98.46
MarJon Beauchamp,LAC,24,28,16,12,4.5,93.9,88.9,5.0,11.8,0.69,11.7,5.1,17.5,11.4,16.9,46.9,50.7,21.0,106.04,10.1,279,96.1,92.6,3.5,11.8,5.6,19.8,12.8,17.0,21.9,102.73
Mo Bamba,LAC,26,28,18,10,12.6,103.2,110.7,-7.6,7.2,0.84,10.7,7.4,26.3,16.9,12.8,53.9,56.1,16.1,99.01,10.3,728,103.8,110.4,-6.7,10.7,8.7,30.0,19.6,12.8,16.7,98.86
Bogdan Bogdanović,LAC,32,27,14,13,24.4,105.5,111.0,-5.6,12.4,1.43,15.9,1.7,8.4,4.9,11.1,48.0,51.0,18.0,105.99,5.5,1461,104.8,110.6,-5.8,15.8,1.9,9.7,5.6,11.1,18.5,106.53
Brandon Miller,CHA,22,27,8,19,34.2,106.9,113.8,-6.8,18.2,1.29,14.0,2.4,11.7,6.8,10.9,50.9,54.0,27.0,98.77,10.0,1903,104.4,112.6,-8.2,14.0,2.8,13.2,7.7,10.9,27.5,100.5
Jaden Springer,UTA,22,27,19,8,5.6,105.1,99.4,5.7,12.4,2.0,18.5,3.3,12.7,8.1,9.2,48.6,56.4,14.9,99.98,8.5,315,110.0,100.8,9.2,18.7,3.9,15.3,9.6,9.4,15.6,97.07
Jaylin Williams,OKC,22,27,22,5,16.8,116.5,102.9,13.6,18.6,3.14,29.2,7.2,24.4,15.8,9.3,48.9,50.9,14.5,102.22,11.2,963,116.7,102.2,14.5,29.0,7.9,28.3,17.8,9.2,15.0,102.45
Jock Landale,HOU,29,27,16,11,10.7,107.1,106.1,1.0,12.2,1.85,17.3,11.4,15.5,13.5,9.4,51.7,54.8,15.4,103.12,10.9,617,106.4,104.4,2.0,17.2,13.1,18.1,15.6,9.3,15.9,104.31
Kessler Edwards,DAL,24,27,15,12,11.3,112.0,118.9,-7.0,9.5,3.0,27.3,3.8,14.4,9.5,9.1,48.2,49.7,8.8,102.5,5.4,652,114.5,118.9,-4.4,27.2,4.2,16.2,10.5,9.1,9.2,101.36
Max Strus,CLE,28,27,21,6,24.7,122.6,111.2,11.4,15.5,3.19,27.5,3.0,12.6,8.1,8.6,55.9,56.8,14.1,102.36,7.7,1423,121.7,109.3,12.4,27.4,3.4,14.3,9.1,8.6,14.4,103.57
Xavier Tillman,BOS,26,27,22,5,7.2,110.4,109.4,1.0,4.8,0.78,12.1,3.9,14.7,9.1,15.5,29.3,29.8,10.9,98.7,2.4,402,112.1,110.9,1.2,12.1,4.6,17.7,10.9,15.5,11.4,97.35
Duop Reath,POR,28,26,10,16,5.3,101.3,119.0,-17.6,7.0,1.5,9.0,5.5,10.2,7.5,6.0,50.0,53.2,17.4,103.75,5.7,299,99.7,120.8,-21.1,9.0,6.6,12.1,9.0,6.0,17.7,103.79
Jevon Carter,CHI,29,26,7,19,7.2,117.6,109.3,8.3,17.6,2.89,21.7,1.0,10.4,5.9,7.5,53.0,54.4,19.8,105.73,9.3,420,117.4,110.1,7.3,21.6,1.1,11.6,6.6,7.5,20.6,105.44
Antonio Reeves,NOP,22,25,2,23,10.4,109.9,114.6,-4.6,10.3,2.11,14.8,3.1,7.5,5.1,7.0,48.5,50.2,17.3,101.0,6.6,544,108.4,115.7,-7.3,14.8,3.4,8.9,5.9,7.0,17.6,101.2
Isaac Jones,SAC,24,25,11,14,8.7,104.9,114.9,-10.0,5.1,0.67,9.1,6.3,11.1,8.7,13.6,66.4,65.5,14.8,103.7,7.1,472,104.8,117.5,-12.7,8.9,7.4,12.1,9.8,13.4,15.6,102.59
Jalen Pickett,DEN,25,25,19,6,11.3,113.1,100.0,13.1,21.3,4.8,35.8,1.8,7.2,4.8,7.5,53.3,54.0,12.6,100.42,8.8,594,113.6,99.4,14.3,35.6,2.0,8.2,5.4,7.4,13.1,100.52
Jeff Dowtin Jr.,PHI,27,25,6,19,11.0,98.6,117.0,-18.4,21.8,9.5,27.9,1.4,9.7,5.4,2.9,43.0,46.0,15.1,97.89,8.0,566,100.2,116.9,-16.7,28.0,1.5,11.2,6.1,3.0,15.8,97.17
Justin Edwards,PHI,21,25,8,17,23.8,115.3,119.8,-4.6,7.8,1.67,15.0,4.1,10.0,6.9,9.0,57.1,57.8,14.1,99.76,5.8,1238,114.4,120.4,-6.0,15.1,4.6,11.1,7.7,9.0,14.4,99.93
KJ Martin,UTA,24,25,9,16,19.8,111.5,111.4,0.1,5.5,1.46,12.9,4.2,10.9,7.4,8.8,64.7,68.0,10.8,98.47,7.0,1020,111.8,110.7,1.1,12.9,4.7,12.5,8.5,8.9,11.2,98.62
Kelly Olynyk,NOP,33,25,6,19,16.3,111.1,113.9,-2.8,20.0,1.64,24.6,6.2,15.8,11.1,15.0,56.9,61.2,18.4,102.54,9.2,866,111.5,115.4,-3.9,24.8,6.8,17.5,12.3,15.1,18.7,101.64
Luka Dončić,LAL,25,25,14,11,34.6,118.4,109.0,9.4,33.1,2.16,22.1,2.2,19.9,11.3,10.2,53.2,57.1,31.9,102.01,16.1,1839,118.5,108.4,10.0,22.0,2.4,22.5,12.6,10.2,32.7,102.24
Micah Potter,UTA,26,25,8,17,16.9,106.9,115.4,-8.5,5.8,1.0,15.7,5.8,15.6,10.8,15.7,57.3,59.8,9.7,100.04,6.2,885,107.2,115.5,-8.2,15.6,6.7,17.6,12.4,15.6,10.0,99.86
Ariel Hukporti,NYK,22,24,16,8,8.4,95.6,109.2,-13.6,8.1,0.61,18.0,6.0,15.9,11.4,29.5,65.4,63.1,10.5,103.12,5.0,430,97.0,110.0,-13.1,18.1,7.0,17.9,12.9,29.6,10.9,102.01
Colby Jones,WAS,22,24,10,14,5.4,105.1,101.8,3.3,7.3,1.0,17.5,6.1,10.9,8.5,17.5,50.0,50.0,10.3,102.25,5.3,274,109.2,102.6,6.5,17.5,6.7,12.5,9.6,17.5,10.9,99.94
Keaton Wallace,ATL,25,24,10,14,17.3,104.9,109.0,-4.1,18.6,1.96,26.1,1.1,6.7,4.0,13.3,51.6,54.0,15.3,103.46,6.9,898,106.5,109.0,-2.6,26.1,1.3,7.5,4.5,13.3,16.0,102.69
Khris Middleton,WAS,33,24,12,12,23.3,116.2,111.9,4.3,25.7,2.67,27.1,0.9,13.9,7.6,10.2,58.8,62.3,20.7,104.03,11.9,1213,115.8,112.2,3.6,27.0,1.0,15.4,8.4,10.1,21.4,104.11
Landry Shamet,NYK,27,24,16,8,11.5,115.6,113.2,2.4,6.6,1.67,15.2,1.8,5.3,3.5,9.1,54.9,54.6,12.2,102.98,4.5,596,117.9,113.1,4.8,15.1,2.0,6.1,4.1,9.1,12.8,102.01
Larry Nance Jr.,ATL,32,24,10,14,19.3,107.5,116.5,-9.0,12.5,2.38,17.7,4.6,17.4,10.8,7.4,62.6,63.2,15.5,104.76,10.6,1009,107.7,116.1,-8.4,17.7,5.2,19.8,12.2,7.5,16.0,104.86
Luka Garza,MIN,26,24,17,7,5.8,105.5,103.6,2.0,5.8,0.63,5.4,15.7,12.2,14.0,8.7,49.3,51.9,24.2,105.28,8.2,307,107.8,104.9,2.9,5.4,17.9,14.2,16.1,8.7,25.4,103.53
Malcolm Brogdon,WAS,32,24,6,18,23.5,106.5,116.9,-10.4,26.7,2.58,23.5,3.6,11.9,7.7,9.1,46.7,54.4,23.1,103.18,11.3,1215,107.8,116.8,-8.9,23.5,4.0,13.3,8.6,9.1,24.0,102.6
Mark Williams,CHA,23,24,5,19,25.2,105.2,117.0,-11.7,16.5,2.46,15.8,11.0,24.6,17.3,6.4,58.1,63.1,21.3,101.11,16.3,1280,103.9,116.2,-12.3,15.7,12.2,27.4,19.3,6.4,21.8,102.07
Paolo Banchero,ORL,22,24,9,15,33.2,104.0,109.9,-6.0,28.1,1.63,16.0,3.0,19.4,10.6,9.8,46.4,50.9,32.7,98.72,13.2,1640,103.0,109.1,-6.1,16.0,3.4,21.8,12.0,9.8,33.4,99.57
Pat Spencer,GSW,28,24,12,12,7.3,101.6,106.9,-5.3,29.8,2.77,28.8,5.2,13.3,9.0,10.4,42.0,45.6,20.7,103.21,9.9,377,103.4,108.8,-5.5,28.9,6.0,15.5,10.5,10.4,21.6,101.4
Taj Gibson,CHA,39,24,7,17,11.9,95.0,106.8,-11.8,8.0,0.78,13.7,12.5,16.9,14.7,17.6,46.8,50.0,13.2,98.06,7.3,580,95.5,107.8,-12.2,13.7,14.2,19.1,16.7,17.6,13.7,97.34
Trevelin Queen,ORL,27,24,10,14,15.0,101.2,112.0,-10.8,14.3,1.65,18.8,5.2,6.9,5.9,11.4,42.2,45.3,16.7,98.89,5.4,742,100.5,112.5,-12.0,18.8,6.1,7.9,6.9,11.4,17.1,99.01
Trey Jemison III,LAL,25,24,9,15,10.0,104.6,108.8,-4.2,7.2,0.86,13.6,11.6,14.8,13.3,15.9,52.0,50.0,13.1,99.94,4.3,500,106.3,110.1,-3.8,13.8,13.9,16.6,15.3,16.1,13.5,98.55
Jared McCain,PHI,21,23,7,16,25.7,109.3,111.4,-2.1,17.1,1.62,15.2,2.2,7.6,4.8,9.3,55.3,58.9,24.3,98.18,10.6,1210,108.3,110.7,-2.5,15.2,2.5,9.0,5.6,9.4,24.8,98.92
Kobe Brown,LAC,25,23,12,11,7.6,103.9,110.6,-6.7,14.7,2.29,21.1,8.5,19.0,13.6,9.2,53.8,55.4,14.5,98.76,10.6,357,103.3,113.2,-9.9,20.7,9.9,21.8,15.8,9.1,15.2,97.89
Adam Flagler,OKC,25,22,19,3,4.2,84.8,92.6,-7.8,0.0,0.0,0.0,2.4,4.9,3.6,1.8,28.2,28.2,24.8,99.21,-2.9,191,88.7,93.2,-4.5,0.0,2.8,5.6,4.1,1.8,26.7,96.73
DaQuan Jeffries,CHA,27,22,4,18,19.2,106.9,112.1,-5.2,9.0,1.79,17.0,4.0,9.3,6.6,9.5,48.5,50.5,12.4,96.4,5.0,842,106.8,111.7,-4.8,17.0,4.7,10.5,7.6,9.5,12.8,96.59
Patrick Baldwin Jr.,WAS,22,22,1,21,4.6,116.9,100.9,16.0,2.8,0.4,4.8,3.9,16.7,9.6,11.9,68.2,67.6,15.2,104.75,11.0,219,113.0,106.8,6.2,4.8,4.5,18.9,11.0,12.0,15.3,103.68
Reece Beekman,BKN,23,22,9,13,10.1,98.5,105.8,-7.3,20.9,2.82,32.0,2.1,4.9,3.4,11.3,39.2,40.9,12.5,97.81,5.3,453,99.8,107.1,-7.3,32.0,2.4,5.7,3.9,11.3,13.1,96.53
Svi Mykhailiuk,UTA,27,22,5,17,20.0,113.3,114.5,-1.3,12.3,1.09,14.0,2.6,9.1,5.9,12.9,52.4,54.2,21.6,101.34,7.2,933,112.6,114.4,-1.9,14.0,2.9,10.4,6.7,12.9,22.1,101.71
Bruce Brown,NOP,28,21,9,12,19.9,104.1,113.8,-9.7,11.2,1.55,14.3,4.2,14.1,9.0,9.2,45.0,50.2,18.4,101.34,8.0,882,104.0,114.0,-10.0,14.3,4.7,15.9,10.1,9.2,18.9,101.26
Jamal Cain,NOP,25,21,3,18,12.3,103.4,121.0,-17.6,6.4,1.1,11.8,5.8,12.9,9.1,10.8,48.4,51.4,13.1,98.25,5.6,531,104.1,120.5,-16.4,11.8,6.8,14.4,10.4,10.8,13.5,98.08
KJ Simpson,CHA,22,21,2,19,19.2,103.5,113.4,-9.9,20.3,1.96,21.7,5.0,8.2,6.5,11.1,36.5,41.8,19.6,97.82,5.5,819,101.2,113.6,-12.4,21.7,5.8,9.2,7.4,11.1,19.9,98.89
Orlando Robinson,TOR,24,21,10,11,11.1,103.4,106.0,-2.6,15.3,1.71,20.7,7.6,16.5,11.9,12.1,41.9,47.0,15.9,102.6,6.8,497,104.1,107.5,-3.4,20.7,9.1,18.6,13.8,12.1,16.6,101.53
Wendell Moore Jr.,CHA,23,21,7,14,11.0,102.9,101.9,1.1,14.4,2.3,24.7,4.5,14.3,9.1,10.8,46.3,52.4,12.7,100.36,9.2,482,103.0,101.7,1.3,24.7,5.2,16.3,10.3,10.7,13.0,100.42
Bones Hyland,LAC,24,20,8,12,11.1,101.1,108.3,-7.2,24.1,1.17,15.8,2.1,8.5,5.2,13.6,52.6,56.9,28.5,98.53,11.0,455,98.6,108.5,-9.9,15.7,2.4,9.5,5.9,13.4,29.2,99.71
Herbert Jones,NOP,26,20,5,15,32.4,111.8,112.5,-0.7,13.4,1.86,22.3,3.3,8.5,5.9,12.0,50.0,54.1,14.6,100.76,6.2,1356,110.3,110.9,-0.6,22.4,3.8,9.7,6.7,12.1,14.8,102.2
Isaiah Wong,CHA,24,20,2,18,13.3,100.0,102.6,-2.6,18.7,1.56,16.8,5.1,7.1,6.0,10.8,45.2,50.0,22.0,98.35,7.7,548,100.3,104.0,-3.7,16.9,6.0,7.9,6.9,10.8,22.6,97.55
Marcus Smart,WAS,30,20,12,8,20.9,114.9,105.6,9.3,21.3,2.0,26.1,3.1,6.2,4.7,13.0,46.4,50.9,18.8,109.14,7.7,948,114.8,104.0,10.7,26.2,3.4,7.4,5.4,13.1,19.2,109.99
Marvin Bagley III,MEM,25,20,3,17,8.4,101.6,107.4,-5.7,7.1,0.64,7.1,13.4,15.3,14.4,11.1,54.9,57.3,21.3,104.71,13.9,366,101.6,108.1,-6.6,7.1,15.0,17.7,16.3,11.1,22.0,104.37
Patty Mills,LAC,36,20,5,15,13.6,104.0,105.3,-1.2,12.9,1.5,20.0,1.0,5.8,3.5,13.3,43.7,45.6,14.3,104.41,4.6,594,103.4,105.8,-2.4,19.8,1.2,6.6,4.0,13.2,14.9,104.5
Robert Williams III,POR,27,20,7,13,17.6,106.3,108.3,-2.0,9.0,1.24,17.1,9.7,21.7,15.9,13.8,64.7,67.9,12.0,100.69,13.7,736,106.5,107.6,-1.1,17.0,11.2,25.2,18.4,13.8,12.4,100.9
Tosan Evbuomwan,BKN,24,20,7,13,24.3,104.8,104.9,-0.1,10.6,1.06,13.6,4.6,11.8,8.1,12.8,49.0,53.2,18.0,96.18,8.3,974,105.3,104.0,1.3,13.7,5.3,13.6,9.3,12.8,18.7,96.39
Trendon Watford,BKN,24,20,11,9,17.4,106.5,105.6,0.9,15.7,1.23,14.6,2.3,14.0,8.2,11.9,51.1,56.8,23.0,96.83,10.6,707,108.0,104.1,3.9,14.6,2.6,16.2,9.4,11.9,23.9,96.82
Yuki Kawamura,MEM,23,20,16,4,3.2,109.4,110.1,-0.8,31.8,3.5,32.6,0.0,9.1,5.3,9.3,45.5,48.7,18.7,105.33,7.1,139,117.1,108.6,8.5,32.8,0.0,10.9,6.1,9.4,20.1,102.61
Aaron Nesmith,IND,25,19,11,8,20.7,116.6,111.1,5.5,8.2,2.0,16.1,2.9,11.5,7.6,8.1,56.0,61.2,14.5,103.29,6.9,848,119.8,108.6,11.3,16.1,3.1,13.3,8.4,8.0,15.1,103.11
Bol Bol,PHX,25,19,4,15,11.3,105.0,109.5,-4.5,6.0,0.67,6.7,5.7,15.5,10.9,10.0,55.3,56.4,21.6,103.49,11.4,464,106.6,110.1,-3.5,6.7,6.3,18.1,12.4,10.0,22.4,102.43
Branden Carlson,OKC,25,19,17,2,5.6,120.5,103.0,17.5,7.1,2.0,12.2,4.5,17.6,11.4,6.1,66.7,67.7,16.0,104.74,11.2,234,123.7,104.3,19.4,12.3,5.3,20.8,13.3,6.1,17.0,102.73
Brandon Williams,DAL,25,19,10,9,8.4,103.4,104.9,-1.4,20.0,1.69,22.9,1.2,7.0,4.2,13.5,53.8,57.9,18.5,105.45,8.2,352,103.9,106.7,-2.8,23.0,1.3,7.4,4.6,13.6,19.1,104.31
Cam Thomas,BKN,23,19,8,11,32.3,115.1,118.9,-3.8,19.0,1.25,12.7,1.7,9.9,5.8,10.1,52.8,59.6,32.0,96.13,12.6,1228,112.4,116.4,-3.9,12.6,1.9,11.3,6.6,10.0,32.6,98.35
Enrique Freeman,IND,24,19,5,14,7.3,100.3,118.0,-17.7,7.3,1.6,18.2,3.9,10.6,6.9,11.4,50.0,52.1,10.1,107.86,2.9,314,100.9,119.7,-18.8,18.3,4.5,12.1,7.9,11.4,10.4,106.75
Kevin Love,MIA,36,19,12,7,10.9,108.9,108.8,0.1,14.1,1.46,13.6,7.5,27.6,17.3,9.3,46.0,48.4,23.7,104.52,11.3,449,108.8,109.1,-0.4,13.6,8.1,30.0,18.8,9.3,24.1,104.46
Matt Ryan,NYK,27,19,14,5,3.6,80.5,108.8,-28.3,8.3,1.0,7.9,0.0,11.3,5.6,7.9,41.9,43.9,20.8,104.75,6.2,149,87.1,111.3,-24.2,7.9,0.0,12.5,6.2,7.9,22.7,99.61
Stanley Umude,MIL,25,19,12,7,3.2,78.1,89.6,-11.5,5.7,1.0,7.7,5.5,15.4,10.1,7.7,25.0,27.6,14.6,108.5,2.4,137,84.4,93.2,-8.8,7.8,6.1,17.2,11.3,7.8,16.0,102.34
Zion Williamson,NOP,24,19,4,15,28.1,113.6,114.9,-1.4,31.8,1.58,17.1,8.8,15.0,11.9,10.8,56.1,59.3,33.8,103.51,16.4,1148,112.3,114.9,-2.5,17.0,10.1,17.7,13.9,10.8,34.8,104.12
Brandon Ingram,TOR,27,18,5,13,33.1,107.0,117.7,-10.7,28.0,1.35,18.0,2.7,14.0,8.3,13.3,53.0,56.0,30.5,97.49,12.2,1209,105.6,115.9,-10.3,17.9,3.1,15.8,9.3,13.3,31.0,98.88
Joel Embiid,PHI,30,18,8,10,30.2,104.0,109.1,-5.2,28.7,1.36,15.5,6.2,20.8,13.5,11.5,48.8,58.6,34.7,100.14,17.4,1137,104.5,107.6,-3.1,15.6,6.8,23.2,14.9,11.5,35.4,100.62
Karlo Matković,NOP,23,18,4,14,14.4,106.7,117.8,-11.1,7.2,0.78,15.7,8.8,15.8,12.3,20.2,53.8,58.8,11.8,104.82,6.2,563,107.4,118.4,-11.0,15.6,9.8,18.1,13.8,20.0,12.3,104.23
Quenton Jackson,IND,26,18,8,10,14.1,112.1,118.7,-6.6,16.8,2.82,24.4,4.0,7.2,5.6,8.7,57.2,59.8,15.9,102.4,7.0,537,112.5,118.7,-6.2,24.4,4.5,8.2,6.3,8.6,16.4,102.2
Quinten Post,GSW,24,18,8,10,14.0,109.3,115.6,-6.3,17.5,2.45,18.8,6.2,18.6,11.9,7.6,62.1,64.0,19.2,101.82,11.5,538,109.3,117.5,-8.2,18.6,7.1,21.1,13.6,7.6,20.1,101.02
Richaun Holmes,WAS,31,18,3,15,16.1,114.1,117.9,-3.8,9.1,2.0,18.5,10.2,20.1,15.1,9.3,64.2,67.8,12.4,100.35,11.1,609,114.2,117.3,-3.1,18.4,12.0,23.4,17.6,9.2,12.9,100.62
Trey Alexander,DEN,21,18,12,6,4.4,93.2,99.4,-6.3,12.7,2.33,20.0,0.0,10.5,5.2,8.6,33.3,36.2,14.1,106.83,2.6,176,92.6,104.0,-11.4,20.1,0.0,11.8,6.0,8.6,14.6,104.84
Bronny James,LAL,20,17,11,6,4.2,96.8,107.9,-11.2,17.4,1.6,17.8,1.4,8.8,5.0,11.1,30.4,36.0,22.0,101.75,2.7,154,102.3,112.1,-9.8,17.8,1.6,10.2,5.7,11.1,23.4,97.09
Bruno Fernando,TOR,26,17,2,15,8.6,103.9,110.1,-6.1,19.4,1.29,21.2,12.7,21.0,16.5,16.5,53.1,55.2,18.2,100.37,10.0,305,104.8,113.6,-8.8,21.3,15.4,24.2,19.6,16.6,18.8,98.4
Chris Duarte,CHI,27,17,4,13,4.4,105.2,102.4,2.8,17.3,9.0,23.1,6.0,16.5,11.5,2.6,57.7,61.0,15.1,108.61,12.7,172,109.1,103.3,5.8,22.8,6.7,18.3,12.7,2.5,16.3,106.21
Devin Carter,SAC,22,17,9,8,9.5,103.8,108.8,-5.0,18.8,2.63,21.2,3.3,20.2,11.4,8.1,37.7,42.8,19.6,101.88,8.3,342,103.2,109.1,-5.8,21.4,3.8,22.4,13.0,8.2,20.1,102.05
Dominick Barlow,ATL,21,17,4,13,8.1,102.9,108.9,-6.0,4.2,2.0,7.3,5.0,15.4,9.7,3.6,53.3,53.5,14.3,107.34,7.6,315,104.7,108.3,-3.6,7.2,5.6,17.2,10.8,3.6,15.1,106.7
Garrett Temple,TOR,38,17,6,11,3.9,100.7,102.6,-2.0,21.2,2.75,34.4,3.0,13.1,7.8,12.5,23.3,32.8,12.0,109.26,5.6,151,102.6,108.5,-5.9,34.6,3.6,14.8,9.1,12.6,12.5,105.3
Immanuel Quickley,TOR,25,17,3,14,27.6,106.6,115.0,-8.4,30.9,2.79,25.6,1.2,9.1,5.1,9.2,51.4,57.1,24.1,99.55,11.3,969,106.8,115.1,-8.3,25.6,1.4,10.2,5.7,9.2,25.0,99.38
Sidy Cissoko,POR,20,17,8,9,3.2,90.2,87.6,2.6,16.7,3.0,21.4,5.7,10.0,8.1,7.1,58.3,53.3,16.7,107.15,7.5,122,95.7,90.0,5.7,20.9,5.9,10.9,8.7,7.0,18.4,102.61
Terrence Shannon Jr.,MIN,24,17,11,6,8.7,108.8,106.5,2.3,15.2,2.13,21.5,3.2,8.5,5.8,10.1,50.0,52.3,16.4,106.43,7.7,330,112.1,106.3,5.8,21.7,3.5,9.7,6.5,10.2,17.0,104.94
Alex Ducas,OKC,24,16,15,1,4.6,91.1,105.0,-13.9,4.3,1.0,7.7,5.6,11.5,8.5,7.7,52.3,52.3,13.3,103.56,6.5,158,95.0,103.5,-8.5,7.7,6.2,13.7,9.7,7.7,14.1,102.23
Grant Williams,CHA,26,16,6,10,29.9,114.9,113.3,1.6,10.7,1.32,18.0,3.5,13.4,8.3,13.6,54.9,59.6,14.6,99.95,7.6,995,113.0,113.1,-0.1,18.1,4.1,15.0,9.5,13.7,14.7,100.89
Jacob Toppin,NYK,24,16,12,4,3.0,78.6,96.1,-17.5,14.8,2.0,25.0,4.3,16.4,10.9,12.5,30.0,30.0,10.3,101.73,6.7,103,85.9,100.7,-14.7,25.0,4.7,18.0,11.8,12.5,11.4,95.13
Jazian Gortman,DAL,21,16,8,8,3.5,103.8,99.2,4.6,15.4,1.2,17.1,1.6,6.5,4.0,14.3,47.8,48.5,19.5,109.79,3.1,132,112.4,102.4,10.1,16.8,1.7,7.3,4.4,14.0,21.9,103.82
Jeff Green,HOU,38,16,9,7,11.6,106.5,110.6,-4.2,3.8,1.0,6.8,2.3,9.9,6.1,6.8,58.9,63.4,14.9,100.77,7.9,387,104.0,109.3,-5.2,6.8,2.7,11.2,7.0,6.8,15.4,102.56
Joe Ingles,MIN,37,16,9,7,6.4,111.0,115.2,-4.2,25.3,2.86,43.5,1.9,9.1,5.4,15.2,39.5,39.5,10.2,100.3,4.0,218,109.7,116.4,-6.7,43.5,2.2,10.2,6.2,15.2,10.6,100.42
Kawhi Leonard,LAC,33,16,10,6,26.4,117.8,105.5,12.3,15.0,1.33,13.6,2.3,14.6,8.8,10.2,51.7,54.3,28.5,99.58,11.4,877,116.9,104.4,12.5,13.5,2.4,16.1,9.5,10.1,29.0,100.48
Damion Lee,PHX,32,15,4,11,6.6,97.7,95.8,1.9,14.3,1.33,11.0,1.8,9.8,5.9,8.2,38.2,47.0,27.2,103.42,8.8,216,97.8,99.9,-2.1,11.0,2.0,11.0,6.5,8.3,27.8,101.28
Jaylen Clark,MIN,23,15,10,5,14.7,115.2,111.7,3.5,5.0,4.0,10.8,5.4,5.2,5.3,2.7,49.1,53.1,12.2,102.81,4.7,467,115.0,111.7,3.2,11.0,6.2,6.1,6.2,2.7,12.3,102.89
Tristan Vukcevic,WAS,21,15,2,13,7.8,116.2,113.8,2.4,15.6,1.5,14.8,7.5,22.4,14.8,9.9,59.1,61.7,24.0,103.85,13.4,253,116.2,114.4,1.8,14.7,8.3,25.5,16.6,9.8,24.9,103.6
Tyler Smith,MIL,20,15,8,7,5.0,93.4,83.6,9.7,10.3,0.67,8.7,5.0,17.2,11.4,13.0,61.8,61.5,21.9,107.95,16.0,166,93.6,89.4,4.3,8.7,6.0,19.7,13.3,13.1,22.9,104.28
Chet Holmgren,OKC,22,14,11,3,26.4,115.9,98.4,17.5,8.7,0.8,10.4,6.2,20.4,13.8,13.0,54.7,59.7,23.0,104.85,13.7,803,115.1,97.3,17.7,10.4,6.8,22.5,15.3,13.0,23.4,105.82
Dario Šarić,DEN,30,14,6,8,14.2,98.5,106.8,-8.3,16.9,1.57,23.2,6.2,16.0,11.0,14.7,38.9,42.0,15.5,99.21,6.4,412,97.5,104.6,-7.1,23.3,7.2,18.8,12.9,14.8,16.0,100.77
Drew Peterson,BOS,25,14,10,4,9.0,122.6,100.4,22.2,11.1,2.2,25.0,4.4,16.8,11.0,11.4,64.0,67.7,11.2,98.03,9.2,257,123.4,100.9,22.5,25.0,5.0,19.3,12.6,11.3,11.5,97.43
Dru Smith,MIA,27,14,8,6,19.2,107.3,100.5,6.8,12.8,1.35,21.5,4.2,8.6,6.4,15.9,63.9,65.6,13.1,100.58,8.2,562,106.3,100.4,5.8,21.6,4.8,9.6,7.2,16.0,13.3,101.11
GG Jackson,MEM,20,14,10,4,17.6,116.2,121.7,-5.5,6.6,0.67,7.6,6.5,12.1,9.4,11.4,51.3,54.2,23.8,102.45,8.0,525,116.5,121.9,-5.4,7.6,7.2,13.9,10.6,11.4,24.4,102.24
PJ Hall,DEN,23,14,11,3,3.0,79.5,86.7,-7.1,14.3,3.0,16.7,6.4,21.6,14.3,5.6,50.0,54.5,14.9,102.77,14.9,88,81.7,90.0,-8.3,16.9,7.0,25.0,16.1,5.6,15.4,99.54
Pacôme Dadiet,NYK,19,14,10,4,6.8,103.0,109.6,-6.7,7.2,2.5,14.3,0.0,13.2,7.1,5.7,44.4,45.9,13.5,100.96,5.9,203,104.1,109.9,-5.9,14.2,0.0,14.7,8.2,5.7,14.4,100.29
Baylor Scheierman,BOS,24,13,12,1,5.7,96.8,102.6,-5.9,13.0,7.0,25.0,2.9,20.3,12.1,3.6,18.4,22.6,12.4,98.68,4.9,154,102.2,103.1,-0.9,25.1,3.6,23.2,14.5,3.6,13.2,95.8
Liam Robbins,MIL,25,13,8,5,4.4,80.3,85.6,-5.3,5.6,0.33,9.5,11.1,8.5,9.8,28.6,25.0,36.3,12.8,106.17,-2.5,127,84.0,87.7,-3.7,9.8,12.3,9.4,10.9,29.4,13.4,102.54
Tre Mann,CHA,24,13,6,7,24.5,107.0,114.4,-7.3,21.9,1.56,16.7,3.4,7.9,5.6,10.7,50.9,53.7,25.0,99.0,9.8,655,105.9,114.0,-8.1,16.6,4.0,9.2,6.6,10.7,26.1,99.67
Chris Livingston,MIL,21,12,9,3,4.8,80.8,93.7,-12.9,3.2,0.2,4.8,9.2,18.3,14.0,23.8,38.5,44.8,13.2,105.67,10.9,125,81.0,95.5,-14.5,4.6,11.5,22.0,17.1,23.1,14.5,104.49
Elfrid Payton,CHA,31,11,1,10,20.9,99.4,104.6,-5.2,39.8,2.67,42.7,2.4,9.9,6.4,16.0,41.0,41.2,16.0,100.51,8.6,482,101.1,103.7,-2.6,42.7,2.7,11.4,7.3,16.0,16.6,100.06
Torrey Craig,BOS,34,11,5,6,11.9,104.7,112.5,-7.8,8.2,0.0,12.5,6.0,13.3,9.5,0.0,69.1,69.7,15.5,102.09,11.6,275,103.2,112.7,-9.6,12.6,6.8,15.1,10.8,0.0,15.9,102.75
AJ Johnson,WAS,20,10,4,6,7.0,104.4,96.8,7.7,27.9,2.4,26.7,0.0,10.0,5.4,11.1,48.1,48.4,18.0,107.67,8.4,158,104.1,97.8,6.3,26.7,0.0,11.8,6.6,11.1,19.1,107.26
Cam Spencer,MEM,24,10,8,2,12.1,121.2,112.5,8.7,17.2,3.2,29.6,3.7,9.9,6.6,9.3,51.7,58.9,11.7,104.92,7.6,264,118.4,113.2,5.1,29.1,4.4,11.3,7.8,9.1,12.4,105.84
Colin Castleton,MEM,24,10,9,1,4.6,102.0,98.0,4.0,0.0,0.0,0.0,6.3,10.7,8.7,6.3,20.0,47.2,13.8,104.72,4.5,101,105.2,94.8,10.4,0.0,7.5,12.8,10.3,6.3,14.4,104.85
Elijah Harkless,UTA,25,10,1,9,13.8,113.2,103.5,9.7,7.3,2.67,16.3,5.8,9.2,7.4,6.1,41.4,42.5,12.0,99.3,3.7,287,109.8,102.3,7.5,16.4,7.3,10.8,8.9,6.2,12.0,101.49
James Johnson,IND,38,10,4,6,3.2,101.5,110.8,-9.3,18.2,1.0,23.5,0.0,17.9,8.6,23.5,44.4,42.4,16.7,99.26,3.4,67,112.0,118.7,-6.7,22.9,0.0,20.8,9.8,22.9,19.3,91.29
Jarred Vanderbilt,LAL,25,10,8,2,16.1,119.6,109.7,9.9,8.1,1.1,20.4,11.9,23.0,17.7,18.5,48.3,47.7,10.9,103.84,7.8,347,119.4,111.0,8.4,20.6,13.7,25.5,19.9,18.7,11.0,103.28
Keshad Johnson,MIA,23,10,5,5,5.7,103.2,104.1,-0.9,7.9,1.0,14.3,4.4,21.1,14.7,14.3,62.5,54.6,13.8,103.63,8.4,124,110.0,106.3,3.7,14.5,4.8,23.1,15.9,14.5,14.5,99.36
Kobe Bufkin,ATL,21,10,6,4,12.4,95.3,103.3,-8.0,21.3,2.13,21.3,3.5,12.3,7.7,10.0,42.6,48.3,20.3,106.96,8.6,275,95.8,106.4,-10.6,21.3,4.1,13.9,8.8,10.0,20.9,105.06
Markieff Morris,LAL,35,10,7,3,6.1,105.9,108.8,-2.9,16.7,2.33,16.3,0.0,13.8,6.9,7.0,32.8,35.0,24.0,106.92,3.1,135,106.3,116.1,-9.8,16.3,0.0,14.8,7.6,7.0,24.6,103.4
Maxwell Lewis,BKN,22,10,5,5,3.4,79.5,118.3,-38.9,9.5,1.0,16.7,5.1,3.4,4.4,16.7,43.8,43.8,12.3,101.6,3.0,73,84.8,122.4,-37.7,16.7,5.4,3.4,4.5,16.7,13.3,96.66
Moses Brown,DAL,25,10,4,6,5.7,96.3,100.7,-4.5,5.6,0.25,5.9,8.5,18.5,13.7,23.5,63.6,64.0,21.3,113.48,11.2,134,100.3,104.9,-4.5,5.8,9.8,21.4,15.9,23.4,22.7,108.94
Spencer Jones,DEN,23,10,9,1,2.7,72.9,93.2,-20.3,0.0,0.0,0.0,3.7,9.4,6.8,20.0,31.3,31.3,15.9,105.97,-0.6,59,77.0,102.5,-25.5,0.0,3.8,10.7,7.4,20.0,17.0,98.39
Armel Traore,LAL,22,9,5,4,7.4,81.9,119.3,-37.3,2.6,0.33,3.8,2.6,22.8,11.1,11.5,31.6,31.7,15.3,102.24,2.7,144,86.2,122.9,-36.7,3.8,2.7,25.0,12.0,11.5,16.5,98.22
Dariq Whitehead,BKN,20,9,3,6,6.3,104.7,112.3,-7.7,2.6,0.17,3.0,1.5,10.2,5.2,18.2,70.0,68.4,21.6,109.83,9.2,129,110.1,115.3,-5.2,3.0,1.6,11.1,5.6,18.0,23.0,105.71
JT Thor,CLE,22,9,8,1,4.7,78.5,114.6,-36.1,7.1,0.17,3.8,6.0,5.8,5.9,23.1,70.0,75.6,22.9,102.8,12.4,93,82.7,110.7,-28.0,3.9,6.7,7.0,6.8,23.5,24.4,101.94
Luke Travers,CLE,23,9,8,1,6.1,115.6,117.1,-1.5,11.1,1.0,22.7,10.0,9.9,9.9,22.7,27.3,33.7,13.4,96.72,2.7,109,116.0,114.0,2.0,22.9,11.6,11.5,11.5,22.9,13.9,97.87
Mouhamed Gueye,ATL,22,9,2,7,15.1,100.7,99.0,1.7,5.5,2.5,7.6,4.7,19.5,11.7,3.0,41.1,44.2,18.8,102.09,10.0,289,100.5,100.3,0.2,7.5,5.4,21.3,13.1,3.0,19.5,101.46
PJ Dozier,MIN,28,9,7,2,3.9,98.8,107.8,-9.0,16.7,5.0,41.7,4.0,12.5,8.8,8.3,100.0,62.1,8.2,107.91,5.4,80,107.9,106.2,1.7,43.0,4.2,13.8,9.4,8.6,8.5,104.06
Bryce McGowens,POR,22,8,4,4,2.6,106.3,100.0,6.3,7.1,0.33,7.7,4.0,0.0,2.3,23.1,57.1,67.4,20.7,112.21,8.5,48,100.2,112.6,-12.4,7.3,5.6,0.0,2.9,22.0,22.2,109.36
Collin Gillespie,PHX,25,8,3,5,5.5,98.0,101.0,-3.0,28.0,3.5,24.1,6.7,7.7,7.2,6.9,63.9,66.8,20.6,108.69,15.4,99,100.9,105.3,-4.4,24.0,7.0,9.3,8.1,6.8,21.5,104.87
Danté Exum,DAL,29,8,4,4,19.9,114.7,116.3,-1.5,27.3,3.33,27.0,1.3,7.4,4.4,8.1,58.9,60.4,21.2,102.21,10.4,339,115.6,114.1,1.4,27.2,1.5,9.0,5.2,8.2,21.8,102.82
Jaylen Nowell,NOP,25,8,1,7,21.0,100.9,114.0,-13.1,17.6,2.25,17.3,3.2,8.6,5.8,7.7,41.1,43.0,21.5,96.24,6.0,338,100.5,113.5,-12.9,17.3,3.9,9.7,6.7,7.7,22.2,96.63
Josh Christopher,MIA,23,8,4,4,3.4,101.6,111.1,-9.5,19.0,1.0,23.5,0.0,9.4,5.7,23.5,28.6,34.2,20.3,107.87,1.1,61,107.7,112.5,-4.8,23.9,0.0,10.3,6.3,23.9,21.4,104.18
Josh Richardson,MIA,31,8,4,4,18.7,104.1,114.7,-10.6,11.7,1.5,20.0,3.8,4.8,4.2,13.3,36.8,40.2,13.4,100.82,1.5,315,102.7,116.3,-13.6,20.1,4.6,5.3,4.9,13.4,13.9,100.81
Leonard Miller,MIN,21,8,6,2,2.8,72.5,79.6,-7.0,0.0,0.0,0.0,8.8,25.0,16.1,11.1,25.0,45.1,26.9,107.7,24.4,51,76.8,86.2,-9.4,0.0,10.3,28.0,18.5,11.4,28.6,100.6
Tristen Newton,MIN,23,8,2,6,2.0,83.3,97.6,-14.2,18.2,1.0,16.7,7.1,11.1,8.7,16.7,12.5,17.8,18.5,123.38,-6.8,42,87.9,104.5,-16.6,16.1,8.0,14.3,10.3,16.1,20.9,116.13
Emoni Bates,CLE,21,7,7,0,3.9,83.1,114.0,-31.0,25.0,0.0,22.2,0.0,0.0,0.0,0.0,21.4,21.4,19.2,101.73,-2.8,59,85.8,118.3,-32.4,22.2,0.0,0.0,0.0,0.0,20.6,98.26
Jae Crowder,SAC,34,7,2,5,13.1,104.2,110.4,-6.2,5.7,1.0,14.8,6.1,11.8,8.9,14.8,44.1,50.9,10.4,100.65,4.2,191,103.9,110.2,-6.4,14.5,6.9,14.1,10.3,14.5,11.0,100.87
Kylor Kelley,DAL,27,7,3,4,8.6,102.3,133.1,-30.8,2.5,1.0,6.3,10.5,20.3,14.8,6.3,81.8,80.6,9.6,103.42,9.0,130,102.8,136.3,-33.5,6.4,12.5,21.8,16.8,6.4,9.8,101.92
Nate Williams,HOU,26,7,6,1,5.6,112.2,83.5,28.7,14.3,1.0,15.4,2.5,7.7,5.4,15.4,75.0,75.0,21.6,110.82,16.9,90,116.0,84.6,31.4,15.4,2.9,9.1,6.3,15.4,22.4,108.27
Pete Nance,PHI,25,7,3,4,9.8,107.4,118.8,-11.4,6.5,0.0,15.8,2.8,12.3,7.4,0.0,46.7,47.2,10.0,94.34,2.8,136,107.3,118.9,-11.7,15.9,3.4,15.1,9.0,0.0,10.6,94.31
TyTy Washington Jr.,PHX,23,7,0,7,12.5,107.8,109.1,-1.3,19.7,6.0,25.0,4.0,8.8,6.3,4.2,39.1,41.5,17.7,100.21,7.6,179,107.7,113.1,-5.4,25.1,4.3,10.3,7.0,4.2,17.7,98.47
Ulrich Chomche,TOR,19,7,3,4,4.6,96.9,140.3,-43.4,11.1,1.0,20.0,12.9,18.2,15.1,20.0,40.0,42.5,10.8,94.73,2.0,65,105.8,145.5,-39.7,20.2,13.8,19.0,16.0,20.2,11.5,89.03
Vince Williams Jr.,MEM,24,7,3,4,15.7,126.6,113.5,13.1,16.9,1.88,21.4,9.2,16.2,12.7,11.4,41.9,43.2,18.6,107.58,5.4,248,126.0,112.1,13.9,21.3,10.8,19.6,15.1,11.4,19.6,108.51
Cam Christie,LAC,19,6,3,3,5.2,100.0,92.6,7.4,10.0,1.0,11.8,3.3,12.5,8.6,11.8,41.7,42.7,19.2,104.56,7.5,68,106.0,93.5,12.5,11.8,3.3,13.9,9.1,11.8,20.1,101.12
De'Anthony Melton,BKN,26,6,4,2,20.2,108.3,97.4,10.9,20.5,1.7,20.0,4.6,10.4,7.5,11.8,52.8,53.9,22.3,105.54,9.1,265,111.3,95.7,15.6,20.1,5.3,12.0,8.7,11.8,23.1,105.04
E.J. Liddell,CHI,24,6,2,4,5.1,120.3,115.7,4.6,10.7,1.5,21.4,3.7,11.4,8.1,14.3,81.3,84.5,13.3,113.22,7.2,74,126.6,113.2,13.4,21.6,4.2,12.1,8.8,14.4,14.1,111.53
Jack McVeigh,HOU,28,6,5,1,3.6,71.2,67.3,3.8,9.1,1.0,7.7,3.4,10.0,6.8,7.7,36.4,36.4,20.3,116.54,6.2,52,70.6,69.8,0.8,7.7,3.8,11.5,7.7,7.7,20.9,114.93
Justin Minaya,POR,25,6,1,5,2.9,86.8,116.2,-29.4,16.7,0.0,66.7,11.1,6.3,8.8,0.0,0.0,0.0,2.2,102.18,1.6,38,88.0,130.0,-42.0,66.7,11.8,6.7,9.4,0.0,2.3,96.18
Malevy Leons,OKC,25,6,6,0,3.5,61.4,104.7,-43.3,11.1,1.0,16.7,4.0,9.5,6.5,16.7,0.0,26.6,10.2,99.59,-6.9,44,66.8,104.3,-37.4,17.4,4.8,10.5,7.5,17.4,10.7,95.65
Mason Jones,SAC,26,6,2,4,5.2,112.3,109.0,3.4,47.6,10.0,40.0,6.7,20.0,13.3,4.0,57.7,59.4,19.7,100.76,17.9,65,112.2,117.2,-5.0,39.5,7.7,21.4,14.8,3.9,20.7,97.19
RayJ Dennis,IND,23,6,4,2,1.9,91.3,87.0,4.3,20.0,0.5,14.3,10.0,40.0,20.0,28.6,50.0,64.4,23.1,96.84,16.2,23,101.7,90.1,11.7,14.5,11.1,50.0,23.1,29.1,26.0,90.19
Cui Yongxi,BKN,21,5,2,3,2.1,80.8,76.0,4.8,0.0,0.0,0.0,0.0,20.0,9.5,0.0,14.3,19.0,29.6,118.62,-5.6,26,84.8,86.1,-1.2,0.0,0.0,22.2,10.5,0.0,31.8,108.95
Isaiah Crawford,SAC,23,5,3,2,3.5,115.4,94.7,20.6,0.0,0.0,0.0,0.0,27.8,14.7,0.0,50.0,51.2,11.1,104.51,8.1,39,124.0,103.2,20.8,0.0,0.0,29.4,15.2,0.0,11.5,96.58
Isaiah Jackson,IND,23,5,1,4,16.8,112.5,107.1,5.4,7.9,1.0,12.5,12.6,16.8,14.9,12.5,60.9,60.0,16.4,105.29,9.5,184,115.8,106.9,8.9,12.8,13.8,18.9,16.5,12.8,16.6,103.89
JD Davison,BOS,22,5,5,0,4.7,63.3,117.3,-54.0,12.5,0.17,7.7,0.0,8.3,4.1,46.2,50.0,51.0,21.4,102.65,-1.4,49,66.2,119.0,-52.8,7.8,0.0,10.5,5.1,46.6,22.1,99.72
Jalen Bridges,PHX,23,5,0,5,5.0,96.1,96.1,0.0,0.0,0.0,0.0,0.0,11.5,5.7,44.4,37.5,41.0,17.0,97.45,-1.1,51,95.0,104.3,-9.3,0.0,0.0,11.5,5.9,45.0,16.9,94.12
A.J. Lawson,TOR,24,4,1,3,3.8,90.9,133.3,-42.4,0.0,0.0,0.0,5.3,16.7,9.7,0.0,62.5,59.0,22.5,100.58,14.2,33,99.9,139.3,-39.4,0.0,5.9,18.2,10.7,0.0,25.2,93.81
Adama Sanogo,CHI,23,4,2,2,5.4,104.2,122.2,-18.1,6.7,1.0,11.1,21.7,5.3,14.3,11.1,57.1,57.1,14.5,103.82,7.8,48,112.0,123.9,-11.9,11.1,26.3,5.9,16.7,11.1,15.8,99.4
D.J. Carton,TOR,24,4,1,3,8.3,109.0,96.1,12.9,10.0,0.75,21.4,0.0,9.8,5.5,28.6,14.3,20.2,12.2,110.7,0.7,78,108.8,99.7,9.1,20.8,0.0,11.1,6.3,27.7,13.1,108.81
Daniss Jenkins,DET,23,4,2,2,2.1,60.0,127.8,-67.8,0.0,0.0,0.0,0.0,0.0,0.0,20.0,0.0,0.0,29.4,95.08,-22.6,15,62.3,147.1,-84.7,0.0,0.0,0.0,0.0,20.0,30.4,86.67
Jackson Rowe,GSW,28,4,2,2,8.6,108.6,100.0,8.6,11.5,0.0,18.8,0.0,21.2,9.3,0.0,41.7,38.8,13.7,109.86,6.9,81,108.5,100.9,7.6,18.9,0.0,25.9,12.1,0.0,14.8,109.47
Jared Rhoden,TOR,25,4,1,3,2.9,92.3,59.3,33.0,28.6,2.0,18.2,11.1,18.2,13.8,9.1,25.0,25.0,27.3,109.18,8.2,26,91.6,64.6,27.0,18.2,11.8,22.2,15.4,9.1,28.0,104.98
Jaylen Martin,WAS,21,4,2,2,1.6,60.0,61.5,-1.5,0.0,0.0,0.0,11.1,25.0,15.4,0.0,37.5,37.5,21.1,105.55,5.0,15,62.8,73.5,-10.7,0.0,12.5,25.0,16.7,0.0,23.1,94.99
Jordan Goodwin,LAL,26,4,3,1,21.0,110.2,113.3,-3.1,8.1,1.67,16.1,8.1,17.5,12.7,9.7,63.0,64.0,12.7,102.4,9.3,177,110.5,115.9,-5.4,15.9,9.7,19.4,14.6,9.5,13.3,101.09
Lester Quinones,PHI,24,4,1,3,4.2,95.1,100.0,-4.9,9.1,0.25,7.7,16.7,6.3,11.8,30.8,50.0,53.3,26.1,118.82,7.1,41,95.5,103.6,-8.1,7.4,17.6,7.1,12.9,29.8,27.1,116.5
Oscar Tshiebwe,UTA,25,4,1,3,13.6,117.1,114.4,2.7,2.5,1.0,8.3,11.5,30.2,20.2,8.3,66.7,76.9,7.9,103.85,10.7,117,116.5,115.2,1.3,8.1,13.0,34.0,22.8,8.1,8.4,103.76
Vlatko Čančar,DEN,27,4,1,3,8.6,87.0,92.0,-5.0,0.0,0.0,0.0,8.1,10.9,9.6,22.2,64.3,64.3,10.6,105.79,7.0,77,87.7,93.9,-6.2,0.0,9.1,12.5,11.0,22.2,10.9,104.29
Bismack Biyombo,SAS,32,3,1,2,9.6,100.0,111.5,-11.5,15.8,1.0,23.1,0.0,14.3,7.8,23.1,83.3,72.7,15.2,101.96,9.3,61,96.7,112.6,-15.9,23.3,0.0,15.2,8.9,23.3,15.7,103.2
Bobi Klintman,DET,21,3,2,1,2.5,86.7,128.6,-41.9,16.7,0.0,33.3,0.0,33.3,14.3,0.0,0.0,0.0,11.8,91.78,-2.9,15,92.9,142.4,-49.5,33.3,0.0,33.3,16.7,0.0,13.3,84.31
Daishen Nix,MIN,23,3,3,0,4.4,103.2,79.3,23.9,23.1,0.75,33.3,0.0,44.4,21.1,44.4,0.0,26.6,17.6,108.82,2.4,31,109.3,82.9,26.4,33.8,0.0,44.4,21.1,45.0,18.2,103.45
David Duke Jr.,SAS,25,3,0,3,5.1,115.2,100.0,15.2,16.7,2.0,18.2,0.0,9.5,6.1,9.1,28.6,31.7,26.5,101.85,1.5,33,120.6,103.4,17.2,18.4,0.0,10.5,6.5,9.2,27.3,97.9
Taylor Hendricks,UTA,21,3,0,3,24.8,95.7,109.2,-13.5,4.0,1.0,8.3,5.4,11.5,8.3,8.3,30.6,35.4,11.3,105.0,3.6,163,92.5,109.0,-16.6,8.4,6.2,12.7,9.4,8.4,11.4,106.9
Zyon Pullin,MEM,23,3,1,2,0.9,83.3,66.7,16.7,0.0,0.0,0.0,0.0,0.0,0.0,0.0,0.0,0.0,16.7,110.7,-8.7,6,100.0,100.0,0.0,0.0,0.0,0.0,0.0,0.0,20.0,83.02
Cole Swider,DET,25,2,0,2,6.5,148.1,107.1,41.0,7.7,0.0,16.7,0.0,15.4,9.1,0.0,0.0,0.0,16.7,100.89,-5.5,27,151.5,104.0,47.5,16.7,0.0,22.2,11.1,0.0,17.0,101.33
Daeqwon Plowden,ATL,26,2,1,1,16.4,97.2,80.6,16.7,0.0,0.0,0.0,7.5,5.7,6.7,8.3,110.0,110.3,15.0,105.63,18.0,72,96.7,84.5,12.2,0.0,8.3,6.3,7.4,8.4,15.0,103.43
Damion Baugh,CHA,24,2,0,2,29.3,108.3,140.5,-32.2,25.0,2.25,30.0,0.0,8.9,4.2,13.3,86.7,89.5,15.3,98.97,11.5,121,107.4,137.7,-30.3,30.2,0.0,10.2,4.7,13.4,15.5,100.38
Harrison Ingram,SAS,22,2,0,2,5.3,112.5,108.3,4.2,0.0,0.0,0.0,0.0,14.3,8.7,0.0,0.0,0.0,8.0,109.54,-1.9,24,119.9,108.0,11.9,0.0,0.0,15.4,9.1,0.0,8.5,106.35
Jalen Hood-Schifino,LAL,21,2,2,0,7.1,115.2,100.0,15.2,10.0,1.0,25.0,7.1,0.0,3.4,25.0,100.0,106.4,8.3,106.98,3.6,33,120.7,98.3,22.4,25.8,8.3,0.0,3.7,25.8,8.9,105.28
Keion Brooks Jr.,NOP,24,2,0,2,4.9,62.5,108.7,-46.2,33.3,0.0,20.0,7.7,20.0,13.0,0.0,50.0,53.2,16.0,115.49,10.3,24,70.1,109.3,-39.2,21.0,7.7,25.0,14.3,0.0,16.8,108.81
Nae'Qwan Tomlin,CLE,24,2,2,0,5.3,91.3,119.0,-27.7,0.0,0.0,0.0,9.1,25.0,17.4,14.3,60.0,63.3,25.9,99.62,11.8,23,98.5,111.0,-12.5,0.0,9.1,27.3,18.2,13.7,28.9,99.26
Quincy Olivari,LAL,23,2,1,1,5.2,68.2,150.0,-81.8,20.0,1.0,14.3,0.0,0.0,0.0,14.3,30.0,30.0,23.1,102.52,-2.2,22,71.8,151.7,-79.8,14.3,0.0,0.0,0.0,14.3,24.1,99.36
Taze Moore,POR,26,2,0,2,9.9,58.7,77.3,-18.6,12.5,0.5,7.1,12.1,16.0,13.8,14.3,25.0,27.6,22.4,108.82,10.5,46,59.2,74.5,-15.3,7.2,13.3,20.0,16.0,14.4,23.6,110.36
Trentyn Flowers,LAC,19,2,0,2,7.9,108.3,76.5,31.9,0.0,0.0,0.0,7.1,15.0,11.8,10.0,44.4,47.7,25.0,106.67,7.6,36,113.0,75.8,37.1,0.0,7.1,15.8,12.1,9.6,27.1,104.84
Alex Reese,OKC,25,1,1,0,1.9,125.0,66.7,58.3,0.0,0.0,0.0,50.0,0.0,25.0,0.0,100.0,100.0,20.0,89.2,55.6,4,166.7,69.4,97.2,0.0,50.0,0.0,33.3,0.0,25.0,74.93
Alondes Williams,DET,25,1,0,1,3.7,171.4,85.7,85.7,33.3,0.0,33.3,0.0,0.0,0.0,0.0,125.0,125.0,28.6,90.4,40.0,7,171.4,87.2,84.2,33.3,0.0,0.0,0.0,0.0,28.6,89.63
Chuma Okeke,PHI,26,1,0,1,2.2,160.0,50.0,110.0,0.0,0.0,0.0,0.0,100.0,50.0,0.0,0.0,0.0,0.0,98.93,8.7,5,200.0,50.0,150.0,0.0,0.0,100.0,50.0,0.0,0.0,87.94
Jahlil Okafor,IND,29,1,0,1,3.4,125.0,62.5,62.5,25.0,0.0,100.0,0.0,25.0,11.1,0.0,0.0,0.0,0.0,114.06,13.3,8,145.3,62.5,82.8,100.0,0.0,25.0,11.1,0.0,0.0,106.08
James Wiseman,IND,23,1,1,0,4.6,118.2,141.7,-23.5,0.0,0.0,0.0,0.0,25.0,12.5,0.0,50.0,61.5,45.5,119.14,15.6,11,120.8,144.6,-23.7,0.0,0.0,25.0,12.5,0.0,45.4,116.65
Kevin Knox II,GSW,25,1,1,0,3.0,128.6,116.7,11.9,0.0,0.0,0.0,33.3,0.0,25.0,0.0,83.3,83.3,33.3,105.76,28.1,7,150.0,108.7,41.3,0.0,33.3,0.0,25.0,0.0,37.5,101.21
Killian Hayes,BKN,23,1,0,1,21.2,93.6,108.5,-14.9,17.6,0.0,30.0,0.0,3.8,2.0,0.0,33.3,36.3,13.5,106.42,2.0,47,93.5,105.9,-12.4,30.4,0.0,4.3,2.4,0.0,13.7,107.82
Mac McClung,ORL,26,1,0,1,4.9,200.0,90.0,110.0,28.6,0.0,100.0,0.0,20.0,14.3,0.0,0.0,0.0,0.0,98.29,10.2,10,200.0,91.1,108.9,100.0,0.0,25.0,16.7,0.0,0.0,97.7
Markelle Fultz,SAC,26,1,0,1,9.6,95.0,100.0,-5.0,33.3,0.33,11.1,0.0,0.0,0.0,33.3,80.0,80.0,38.1,102.5,14.1,20,94.1,108.7,-14.6,11.1,0.0,0.0,0.0,33.3,37.7,98.8
Riley Minix,SAS,24,1,0,1,6.8,93.3,93.3,0.0,0.0,0.0,0.0,0.0,20.0,11.8,0.0,0.0,0.0,6.3,106.67,3.9,15,101.7,86.4,15.3,0.0,0.0,22.2,12.5,0.0,6.8,106.52
